input_path,output_path,input_points,output_points,output_input_ratio,exact_duplicate_output_ratio,unique_output_points,output_points_matching_input_exact,output_points_matching_input_exact_ratio,nn_mean_output_to_input,nn_median_output_to_input,nn_p95_output_to_input,expected_input,expected_output,count_ok,heavy_duplicate_flag,line,method
/home/woody/iwnt/iwnt189h/thesis_pointcloud/modelnet40_pointnet2_upsampling/datasets/modelnet40_original/test/chair/chair_0933.npy,/home/woody/iwnt/iwnt189h/thesis_pointcloud/modelnet40_pointnet2_upsampling/datasets/modelnet40_original_up/pdans_x4/test/chair/chair_0933.npy,1024,4096,4.0,0.0,4096,0,0.0,0.01826414,0.01716849,0.04162161,1024,4096,True,False,A,PDANS
/home/woody/iwnt/iwnt189h/thesis_pointcloud/modelnet40_pointnet2_upsampling/datasets/modelnet40_original/train/bookshelf/bookshelf_0405.npy,/home/woody/iwnt/iwnt189h/thesis_pointcloud/modelnet40_pointnet2_upsampling/datasets/modelnet40_original_up/pdans_x4/train/bookshelf/bookshelf_0405.npy,1024,4096,4.0,0.0,4096,0,0.0,0.0233944,0.02377627,0.04953194,1024,4096,True,False,A,PDANS
/home/woody/iwnt/iwnt189h/thesis_pointcloud/modelnet40_pointnet2_upsampling/datasets/modelnet40_original/train/airplane/airplane_0410.npy,/home/woody/iwnt/iwnt189h/thesis_pointcloud/modelnet40_pointnet2_upsampling/datasets/modelnet40_original_up/pdans_x4/train/airplane/airplane_0410.npy,1024,4096,4.0,0.0,4096,0,0.0,0.01481815,0.01441845,0.03189827,1024,4096,True,False,A,PDANS
/home/woody/iwnt/iwnt189h/thesis_pointcloud/modelnet40_pointnet2_upsampling/datasets/modelnet40_original/test/tv_stand/tv_stand_0346.npy,/home/woody/iwnt/iwnt189h/thesis_pointcloud/modelnet40_pointnet2_upsampling/datasets/modelnet40_original_up/pdans_x4/test/tv_stand/tv_stand_0346.npy,1024,4096,4.0,0.0,4096,0,0.0,0.02234247,0.02428605,0.04329279,1024,4096,True,False,A,PDANS
/home/woody/iwnt/iwnt189h/thesis_pointcloud/modelnet40_pointnet2_upsampling/datasets/modelnet40_original/train/flower_pot/flower_pot_0137.npy,/home/woody/iwnt/iwnt189h/thesis_pointcloud/modelnet40_pointnet2_upsampling/datasets/modelnet40_original_up/pdans_x4/train/flower_pot/flower_pot_0137.npy,1024,4096,4.0,0.0,4096,0,0.0,0.03779315,0.03894372,0.07674953,1024,4096,True,False,A,PDANS
/home/woody/iwnt/iwnt189h/thesis_pointcloud/modelnet40_pointnet2_upsampling/datasets/modelnet40_original/train/desk/desk_0152.npy,/home/woody/iwnt/iwnt189h/thesis_pointcloud/modelnet40_pointnet2_upsampling/datasets/modelnet40_original_up/pdans_x4/train/desk/desk_0152.npy,1024,4096,4.0,0.0,4096,0,0.0,0.02238812,0.0232571,0.04641466,1024,4096,True,False,A,PDANS
/home/woody/iwnt/iwnt189h/thesis_pointcloud/modelnet40_pointnet2_upsampling/datasets/modelnet40_original/train/cup/cup_0014.npy,/home/woody/iwnt/iwnt189h/thesis_pointcloud/modelnet40_pointnet2_upsampling/datasets/modelnet40_original_up/pdans_x4/train/cup/cup_0014.npy,1024,4096,4.0,0.0,4096,0,0.0,0.02591164,0.02537977,0.05674456,1024,4096,True,False,A,PDANS
/home/woody/iwnt/iwnt189h/thesis_pointcloud/modelnet40_pointnet2_upsampling/datasets/modelnet40_original/train/bottle/bottle_0295.npy,/home/woody/iwnt/iwnt189h/thesis_pointcloud/modelnet40_pointnet2_upsampling/datasets/modelnet40_original_up/pdans_x4/train/bottle/bottle_0295.npy,1024,4096,4.0,0.0,4096,0,0.0,0.01444373,0.01406133,0.03090844,1024,4096,True,False,A,PDANS
/home/woody/iwnt/iwnt189h/thesis_pointcloud/modelnet40_pointnet2_upsampling/datasets/modelnet40_original/test/toilet/toilet_0440.npy,/home/woody/iwnt/iwnt189h/thesis_pointcloud/modelnet40_pointnet2_upsampling/datasets/modelnet40_original_up/pdans_x4/test/toilet/toilet_0440.npy,1024,4096,4.0,0.0,4096,0,0.0,0.02600003,0.0270719,0.05268583,1024,4096,True,False,A,PDANS
/home/woody/iwnt/iwnt189h/thesis_pointcloud/modelnet40_pointnet2_upsampling/datasets/modelnet40_original/train/bookshelf/bookshelf_0260.npy,/home/woody/iwnt/iwnt189h/thesis_pointcloud/modelnet40_pointnet2_upsampling/datasets/modelnet40_original_up/pdans_x4/train/bookshelf/bookshelf_0260.npy,1024,4096,4.0,0.0,4096,0,0.0,0.02088034,0.02027797,0.04576365,1024,4096,True,False,A,PDANS
/home/woody/iwnt/iwnt189h/thesis_pointcloud/modelnet40_pointnet2_upsampling/datasets/modelnet40_original/test/mantel/mantel_0307.npy,/home/woody/iwnt/iwnt189h/thesis_pointcloud/modelnet40_pointnet2_upsampling/datasets/modelnet40_original_up/pdans_x4/test/mantel/mantel_0307.npy,1024,4096,4.0,0.0,4096,0,0.0,0.02469678,0.02455569,0.05424032,1024,4096,True,False,A,PDANS
/home/woody/iwnt/iwnt189h/thesis_pointcloud/modelnet40_pointnet2_upsampling/datasets/modelnet40_original/test/tv_stand/tv_stand_0332.npy,/home/woody/iwnt/iwnt189h/thesis_pointcloud/modelnet40_pointnet2_upsampling/datasets/modelnet40_original_up/pdans_x4/test/tv_stand/tv_stand_0332.npy,1024,4096,4.0,0.0,4096,0,0.0,0.02622778,0.02704608,0.05371892,1024,4096,True,False,A,PDANS
/home/woody/iwnt/iwnt189h/thesis_pointcloud/modelnet40_pointnet2_upsampling/datasets/modelnet40_original/train/tv_stand/tv_stand_0025.npy,/home/woody/iwnt/iwnt189h/thesis_pointcloud/modelnet40_pointnet2_upsampling/datasets/modelnet40_original_up/pdans_x4/train/tv_stand/tv_stand_0025.npy,1024,4096,4.0,0.0,4096,0,0.0,0.03372302,0.03427771,0.07129177,1024,4096,True,False,A,PDANS
/home/woody/iwnt/iwnt189h/thesis_pointcloud/modelnet40_pointnet2_upsampling/datasets/modelnet40_original/train/bookshelf/bookshelf_0005.npy,/home/woody/iwnt/iwnt189h/thesis_pointcloud/modelnet40_pointnet2_upsampling/datasets/modelnet40_original_up/pdans_x4/train/bookshelf/bookshelf_0005.npy,1024,4096,4.0,0.0,4096,0,0.0,0.02448654,0.02445147,0.05271121,1024,4096,True,False,A,PDANS
/home/woody/iwnt/iwnt189h/thesis_pointcloud/modelnet40_pointnet2_upsampling/datasets/modelnet40_original/train/wardrobe/wardrobe_0022.npy,/home/woody/iwnt/iwnt189h/thesis_pointcloud/modelnet40_pointnet2_upsampling/datasets/modelnet40_original_up/pdans_x4/train/wardrobe/wardrobe_0022.npy,1024,4096,4.0,0.0,4096,0,0.0,0.02394772,0.0237228,0.05175068,1024,4096,True,False,A,PDANS
/home/woody/iwnt/iwnt189h/thesis_pointcloud/modelnet40_pointnet2_upsampling/datasets/modelnet40_original/train/range_hood/range_hood_0038.npy,/home/woody/iwnt/iwnt189h/thesis_pointcloud/modelnet40_pointnet2_upsampling/datasets/modelnet40_original_up/pdans_x4/train/range_hood/range_hood_0038.npy,1024,4096,4.0,0.0,4096,0,0.0,0.01804373,0.01637609,0.04379945,1024,4096,True,False,A,PDANS
/home/woody/iwnt/iwnt189h/thesis_pointcloud/modelnet40_pointnet2_upsampling/datasets/modelnet40_original/train/airplane/airplane_0521.npy,/home/woody/iwnt/iwnt189h/thesis_pointcloud/modelnet40_pointnet2_upsampling/datasets/modelnet40_original_up/pdans_x4/train/airplane/airplane_0521.npy,1024,4096,4.0,0.0,4096,0,0.0,0.01423489,0.01365082,0.030866,1024,4096,True,False,A,PDANS
/home/woody/iwnt/iwnt189h/thesis_pointcloud/modelnet40_pointnet2_upsampling/datasets/modelnet40_original/train/airplane/airplane_0489.npy,/home/woody/iwnt/iwnt189h/thesis_pointcloud/modelnet40_pointnet2_upsampling/datasets/modelnet40_original_up/pdans_x4/train/airplane/airplane_0489.npy,1024,4096,4.0,0.0,4096,0,0.0,0.01362992,0.01262412,0.03103931,1024,4096,True,False,A,PDANS
/home/woody/iwnt/iwnt189h/thesis_pointcloud/modelnet40_pointnet2_upsampling/datasets/modelnet40_original/train/bookshelf/bookshelf_0116.npy,/home/woody/iwnt/iwnt189h/thesis_pointcloud/modelnet40_pointnet2_upsampling/datasets/modelnet40_original_up/pdans_x4/train/bookshelf/bookshelf_0116.npy,1024,4096,4.0,0.0,4096,0,0.0,0.02793041,0.02913607,0.05673408,1024,4096,True,False,A,PDANS
/home/woody/iwnt/iwnt189h/thesis_pointcloud/modelnet40_pointnet2_upsampling/datasets/modelnet40_original/train/cone/cone_0106.npy,/home/woody/iwnt/iwnt189h/thesis_pointcloud/modelnet40_pointnet2_upsampling/datasets/modelnet40_original_up/pdans_x4/train/cone/cone_0106.npy,1024,4096,4.0,0.0,4096,0,0.0,0.02199386,0.02151013,0.04879587,1024,4096,True,False,A,PDANS
/home/woody/iwnt/iwnt189h/thesis_pointcloud/modelnet40_pointnet2_upsampling/datasets/modelnet40_original/train/curtain/curtain_0089.npy,/home/woody/iwnt/iwnt189h/thesis_pointcloud/modelnet40_pointnet2_upsampling/datasets/modelnet40_original_up/pdans_x4/train/curtain/curtain_0089.npy,1024,4096,4.0,0.0,4096,0,0.0,0.01100902,0.01062324,0.02347712,1024,4096,True,False,A,PDANS
/home/woody/iwnt/iwnt189h/thesis_pointcloud/modelnet40_pointnet2_upsampling/datasets/modelnet40_original/train/table/table_0268.npy,/home/woody/iwnt/iwnt189h/thesis_pointcloud/modelnet40_pointnet2_upsampling/datasets/modelnet40_original_up/pdans_x4/train/table/table_0268.npy,1024,4096,4.0,0.0,4096,0,0.0,0.01918174,0.02074839,0.03727914,1024,4096,True,False,A,PDANS
/home/woody/iwnt/iwnt189h/thesis_pointcloud/modelnet40_pointnet2_upsampling/datasets/modelnet40_original/test/airplane/airplane_0647.npy,/home/woody/iwnt/iwnt189h/thesis_pointcloud/modelnet40_pointnet2_upsampling/datasets/modelnet40_original_up/pdans_x4/test/airplane/airplane_0647.npy,1024,4096,4.0,0.0,4096,0,0.0,0.01430608,0.0133033,0.03184534,1024,4096,True,False,A,PDANS
/home/woody/iwnt/iwnt189h/thesis_pointcloud/modelnet40_pointnet2_upsampling/datasets/modelnet40_original/train/airplane/airplane_0435.npy,/home/woody/iwnt/iwnt189h/thesis_pointcloud/modelnet40_pointnet2_upsampling/datasets/modelnet40_original_up/pdans_x4/train/airplane/airplane_0435.npy,1024,4096,4.0,0.0,4096,0,0.0,0.01568547,0.01569157,0.03261813,1024,4096,True,False,A,PDANS
/home/woody/iwnt/iwnt189h/thesis_pointcloud/modelnet40_pointnet2_upsampling/datasets/modelnet40_original/train/vase/vase_0018.npy,/home/woody/iwnt/iwnt189h/thesis_pointcloud/modelnet40_pointnet2_upsampling/datasets/modelnet40_original_up/pdans_x4/train/vase/vase_0018.npy,1024,4096,4.0,0.0,4096,0,0.0,0.02248608,0.02162125,0.05040476,1024,4096,True,False,A,PDANS
/home/woody/iwnt/iwnt189h/thesis_pointcloud/modelnet40_pointnet2_upsampling/datasets/modelnet40_original/train/chair/chair_0670.npy,/home/woody/iwnt/iwnt189h/thesis_pointcloud/modelnet40_pointnet2_upsampling/datasets/modelnet40_original_up/pdans_x4/train/chair/chair_0670.npy,1024,4096,4.0,0.0,4096,0,0.0,0.01364426,0.01319268,0.02977884,1024,4096,True,False,A,PDANS
/home/woody/iwnt/iwnt189h/thesis_pointcloud/modelnet40_pointnet2_upsampling/datasets/modelnet40_original/test/sofa/sofa_0701.npy,/home/woody/iwnt/iwnt189h/thesis_pointcloud/modelnet40_pointnet2_upsampling/datasets/modelnet40_original_up/pdans_x4/test/sofa/sofa_0701.npy,1024,4096,4.0,0.0,4096,0,0.0,0.02793472,0.0265456,0.06467395,1024,4096,True,False,A,PDANS
/home/woody/iwnt/iwnt189h/thesis_pointcloud/modelnet40_pointnet2_upsampling/datasets/modelnet40_original/test/desk/desk_0255.npy,/home/woody/iwnt/iwnt189h/thesis_pointcloud/modelnet40_pointnet2_upsampling/datasets/modelnet40_original_up/pdans_x4/test/desk/desk_0255.npy,1024,4096,4.0,0.0,4096,0,0.0,0.0203934,0.01940978,0.04770625,1024,4096,True,False,A,PDANS
/home/woody/iwnt/iwnt189h/thesis_pointcloud/modelnet40_pointnet2_upsampling/datasets/modelnet40_original/test/plant/plant_0260.npy,/home/woody/iwnt/iwnt189h/thesis_pointcloud/modelnet40_pointnet2_upsampling/datasets/modelnet40_original_up/pdans_x4/test/plant/plant_0260.npy,1024,4096,4.0,0.0,4096,0,0.0,0.04128687,0.04018693,0.09348663,1024,4096,True,False,A,PDANS
/home/woody/iwnt/iwnt189h/thesis_pointcloud/modelnet40_pointnet2_upsampling/datasets/modelnet40_original/train/tv_stand/tv_stand_0018.npy,/home/woody/iwnt/iwnt189h/thesis_pointcloud/modelnet40_pointnet2_upsampling/datasets/modelnet40_original_up/pdans_x4/train/tv_stand/tv_stand_0018.npy,1024,4096,4.0,0.0,4096,0,0.0,0.02634422,0.02603691,0.0577684,1024,4096,True,False,A,PDANS
/home/woody/iwnt/iwnt189h/thesis_pointcloud/modelnet40_pointnet2_upsampling/datasets/modelnet40_original/train/radio/radio_0103.npy,/home/woody/iwnt/iwnt189h/thesis_pointcloud/modelnet40_pointnet2_upsampling/datasets/modelnet40_original_up/pdans_x4/train/radio/radio_0103.npy,1024,4096,4.0,0.0,4096,0,0.0,0.02785992,0.02678651,0.06342396,1024,4096,True,False,A,PDANS
/home/woody/iwnt/iwnt189h/thesis_pointcloud/modelnet40_pointnet2_upsampling/datasets/modelnet40_original/train/cone/cone_0135.npy,/home/woody/iwnt/iwnt189h/thesis_pointcloud/modelnet40_pointnet2_upsampling/datasets/modelnet40_original_up/pdans_x4/train/cone/cone_0135.npy,1024,4096,4.0,0.0,4096,0,0.0,0.01887947,0.0182137,0.04107264,1024,4096,True,False,A,PDANS
/home/woody/iwnt/iwnt189h/thesis_pointcloud/modelnet40_pointnet2_upsampling/datasets/modelnet40_original/train/sofa/sofa_0242.npy,/home/woody/iwnt/iwnt189h/thesis_pointcloud/modelnet40_pointnet2_upsampling/datasets/modelnet40_original_up/pdans_x4/train/sofa/sofa_0242.npy,1024,4096,4.0,0.0,4096,0,0.0,0.02873586,0.02859073,0.06129444,1024,4096,True,False,A,PDANS
/home/woody/iwnt/iwnt189h/thesis_pointcloud/modelnet40_pointnet2_upsampling/datasets/modelnet40_original/train/wardrobe/wardrobe_0002.npy,/home/woody/iwnt/iwnt189h/thesis_pointcloud/modelnet40_pointnet2_upsampling/datasets/modelnet40_original_up/pdans_x4/train/wardrobe/wardrobe_0002.npy,1024,4096,4.0,0.0,4096,0,0.0,0.03161397,0.03326426,0.06278856,1024,4096,True,False,A,PDANS
/home/woody/iwnt/iwnt189h/thesis_pointcloud/modelnet40_pointnet2_upsampling/datasets/modelnet40_original/train/glass_box/glass_box_0039.npy,/home/woody/iwnt/iwnt189h/thesis_pointcloud/modelnet40_pointnet2_upsampling/datasets/modelnet40_original_up/pdans_x4/train/glass_box/glass_box_0039.npy,1024,4096,4.0,0.0,4096,0,0.0,0.02932079,0.03013658,0.06156926,1024,4096,True,False,A,PDANS
/home/woody/iwnt/iwnt189h/thesis_pointcloud/modelnet40_pointnet2_upsampling/datasets/modelnet40_original/train/airplane/airplane_0107.npy,/home/woody/iwnt/iwnt189h/thesis_pointcloud/modelnet40_pointnet2_upsampling/datasets/modelnet40_original_up/pdans_x4/train/airplane/airplane_0107.npy,1024,4096,4.0,0.0,4096,0,0.0,0.01334242,0.01290312,0.02904122,1024,4096,True,False,A,PDANS
/home/woody/iwnt/iwnt189h/thesis_pointcloud/modelnet40_pointnet2_upsampling/datasets/modelnet40_original/train/chair/chair_0028.npy,/home/woody/iwnt/iwnt189h/thesis_pointcloud/modelnet40_pointnet2_upsampling/datasets/modelnet40_original_up/pdans_x4/train/chair/chair_0028.npy,1024,4096,4.0,0.0,4096,0,0.0,0.01788276,0.01846571,0.0367308,1024,4096,True,False,A,PDANS
/home/woody/iwnt/iwnt189h/thesis_pointcloud/modelnet40_pointnet2_upsampling/datasets/modelnet40_original/test/piano/piano_0299.npy,/home/woody/iwnt/iwnt189h/thesis_pointcloud/modelnet40_pointnet2_upsampling/datasets/modelnet40_original_up/pdans_x4/test/piano/piano_0299.npy,1024,4096,4.0,0.0,4096,0,0.0,0.02834848,0.03030817,0.05737166,1024,4096,True,False,A,PDANS
/home/woody/iwnt/iwnt189h/thesis_pointcloud/modelnet40_pointnet2_upsampling/datasets/modelnet40_original/train/range_hood/range_hood_0050.npy,/home/woody/iwnt/iwnt189h/thesis_pointcloud/modelnet40_pointnet2_upsampling/datasets/modelnet40_original_up/pdans_x4/train/range_hood/range_hood_0050.npy,1024,4096,4.0,0.0,4096,0,0.0,0.02898457,0.02813387,0.06623348,1024,4096,True,False,A,PDANS
/home/woody/iwnt/iwnt189h/thesis_pointcloud/modelnet40_pointnet2_upsampling/datasets/modelnet40_original/train/monitor/monitor_0028.npy,/home/woody/iwnt/iwnt189h/thesis_pointcloud/modelnet40_pointnet2_upsampling/datasets/modelnet40_original_up/pdans_x4/train/monitor/monitor_0028.npy,1024,4096,4.0,0.0,4096,0,0.0,0.02170207,0.02381701,0.04166956,1024,4096,True,False,A,PDANS
/home/woody/iwnt/iwnt189h/thesis_pointcloud/modelnet40_pointnet2_upsampling/datasets/modelnet40_original/train/glass_box/glass_box_0034.npy,/home/woody/iwnt/iwnt189h/thesis_pointcloud/modelnet40_pointnet2_upsampling/datasets/modelnet40_original_up/pdans_x4/train/glass_box/glass_box_0034.npy,1024,4096,4.0,0.0,4096,0,0.0,0.02886591,0.02928163,0.06158395,1024,4096,True,False,A,PDANS
/home/woody/iwnt/iwnt189h/thesis_pointcloud/modelnet40_pointnet2_upsampling/datasets/modelnet40_original/train/car/car_0157.npy,/home/woody/iwnt/iwnt189h/thesis_pointcloud/modelnet40_pointnet2_upsampling/datasets/modelnet40_original_up/pdans_x4/train/car/car_0157.npy,1024,4096,4.0,0.0,4096,0,0.0,0.01903022,0.01921815,0.04039444,1024,4096,True,False,A,PDANS
/home/woody/iwnt/iwnt189h/thesis_pointcloud/modelnet40_pointnet2_upsampling/datasets/modelnet40_original/train/cone/cone_0051.npy,/home/woody/iwnt/iwnt189h/thesis_pointcloud/modelnet40_pointnet2_upsampling/datasets/modelnet40_original_up/pdans_x4/train/cone/cone_0051.npy,1024,4096,4.0,0.0,4096,0,0.0,0.02719201,0.02779613,0.05592085,1024,4096,True,False,A,PDANS
/home/woody/iwnt/iwnt189h/thesis_pointcloud/modelnet40_pointnet2_upsampling/datasets/modelnet40_original/train/mantel/mantel_0252.npy,/home/woody/iwnt/iwnt189h/thesis_pointcloud/modelnet40_pointnet2_upsampling/datasets/modelnet40_original_up/pdans_x4/train/mantel/mantel_0252.npy,1024,4096,4.0,0.0,4096,0,0.0,0.02230181,0.02077202,0.05457955,1024,4096,True,False,A,PDANS
/home/woody/iwnt/iwnt189h/thesis_pointcloud/modelnet40_pointnet2_upsampling/datasets/modelnet40_original/train/bookshelf/bookshelf_0255.npy,/home/woody/iwnt/iwnt189h/thesis_pointcloud/modelnet40_pointnet2_upsampling/datasets/modelnet40_original_up/pdans_x4/train/bookshelf/bookshelf_0255.npy,1024,4096,4.0,0.0,4096,0,0.0,0.03346619,0.03433763,0.07118979,1024,4096,True,False,A,PDANS
/home/woody/iwnt/iwnt189h/thesis_pointcloud/modelnet40_pointnet2_upsampling/datasets/modelnet40_original/train/bookshelf/bookshelf_0100.npy,/home/woody/iwnt/iwnt189h/thesis_pointcloud/modelnet40_pointnet2_upsampling/datasets/modelnet40_original_up/pdans_x4/train/bookshelf/bookshelf_0100.npy,1024,4096,4.0,0.0,4096,0,0.0,0.01958387,0.0194887,0.04218515,1024,4096,True,False,A,PDANS
/home/woody/iwnt/iwnt189h/thesis_pointcloud/modelnet40_pointnet2_upsampling/datasets/modelnet40_original/train/person/person_0013.npy,/home/woody/iwnt/iwnt189h/thesis_pointcloud/modelnet40_pointnet2_upsampling/datasets/modelnet40_original_up/pdans_x4/train/person/person_0013.npy,1024,4096,4.0,0.0,4096,0,0.0,0.0154818,0.01581333,0.03102395,1024,4096,True,False,A,PDANS
/home/woody/iwnt/iwnt189h/thesis_pointcloud/modelnet40_pointnet2_upsampling/datasets/modelnet40_original/train/bookshelf/bookshelf_0165.npy,/home/woody/iwnt/iwnt189h/thesis_pointcloud/modelnet40_pointnet2_upsampling/datasets/modelnet40_original_up/pdans_x4/train/bookshelf/bookshelf_0165.npy,1024,4096,4.0,0.0,4096,0,0.0,0.02809566,0.02882101,0.057756,1024,4096,True,False,A,PDANS
/home/woody/iwnt/iwnt189h/thesis_pointcloud/modelnet40_pointnet2_upsampling/datasets/modelnet40_original/train/monitor/monitor_0335.npy,/home/woody/iwnt/iwnt189h/thesis_pointcloud/modelnet40_pointnet2_upsampling/datasets/modelnet40_original_up/pdans_x4/train/monitor/monitor_0335.npy,1024,4096,4.0,0.0,4096,0,0.0,0.02433236,0.02464728,0.04923188,1024,4096,True,False,A,PDANS
/home/woody/iwnt/iwnt189h/thesis_pointcloud/modelnet40_pointnet2_upsampling/datasets/modelnet40_original/train/monitor/monitor_0089.npy,/home/woody/iwnt/iwnt189h/thesis_pointcloud/modelnet40_pointnet2_upsampling/datasets/modelnet40_original_up/pdans_x4/train/monitor/monitor_0089.npy,1024,4096,4.0,0.0,4096,0,0.0,0.02754339,0.02853601,0.05711552,1024,4096,True,False,A,PDANS
/home/woody/iwnt/iwnt189h/thesis_pointcloud/modelnet40_pointnet2_upsampling/datasets/modelnet40_original/test/airplane/airplane_0675.npy,/home/woody/iwnt/iwnt189h/thesis_pointcloud/modelnet40_pointnet2_upsampling/datasets/modelnet40_original_up/pdans_x4/test/airplane/airplane_0675.npy,1024,4096,4.0,0.0,4096,0,0.0,0.01305442,0.01280518,0.026782,1024,4096,True,False,A,PDANS
/home/woody/iwnt/iwnt189h/thesis_pointcloud/modelnet40_pointnet2_upsampling/datasets/modelnet40_original/train/dresser/dresser_0164.npy,/home/woody/iwnt/iwnt189h/thesis_pointcloud/modelnet40_pointnet2_upsampling/datasets/modelnet40_original_up/pdans_x4/train/dresser/dresser_0164.npy,1024,4096,4.0,0.0,4096,0,0.0,0.0274469,0.02692712,0.05992929,1024,4096,True,False,A,PDANS
/home/woody/iwnt/iwnt189h/thesis_pointcloud/modelnet40_pointnet2_upsampling/datasets/modelnet40_original/train/bathtub/bathtub_0086.npy,/home/woody/iwnt/iwnt189h/thesis_pointcloud/modelnet40_pointnet2_upsampling/datasets/modelnet40_original_up/pdans_x4/train/bathtub/bathtub_0086.npy,1024,4096,4.0,0.0,4096,0,0.0,0.02007624,0.02027894,0.04288127,1024,4096,True,False,A,PDANS
/home/woody/iwnt/iwnt189h/thesis_pointcloud/modelnet40_pointnet2_upsampling/datasets/modelnet40_original/test/tent/tent_0168.npy,/home/woody/iwnt/iwnt189h/thesis_pointcloud/modelnet40_pointnet2_upsampling/datasets/modelnet40_original_up/pdans_x4/test/tent/tent_0168.npy,1024,4096,4.0,0.0,4096,0,0.0,0.02118911,0.02081196,0.04731485,1024,4096,True,False,A,PDANS
/home/woody/iwnt/iwnt189h/thesis_pointcloud/modelnet40_pointnet2_upsampling/datasets/modelnet40_original/train/sofa/sofa_0410.npy,/home/woody/iwnt/iwnt189h/thesis_pointcloud/modelnet40_pointnet2_upsampling/datasets/modelnet40_original_up/pdans_x4/train/sofa/sofa_0410.npy,1024,4096,4.0,0.0,4096,0,0.0,0.02267413,0.02127317,0.05142405,1024,4096,True,False,A,PDANS
/home/woody/iwnt/iwnt189h/thesis_pointcloud/modelnet40_pointnet2_upsampling/datasets/modelnet40_original/train/toilet/toilet_0219.npy,/home/woody/iwnt/iwnt189h/thesis_pointcloud/modelnet40_pointnet2_upsampling/datasets/modelnet40_original_up/pdans_x4/train/toilet/toilet_0219.npy,1024,4096,4.0,0.0,4096,0,0.0,0.02725956,0.02606115,0.06289415,1024,4096,True,False,A,PDANS
/home/woody/iwnt/iwnt189h/thesis_pointcloud/modelnet40_pointnet2_upsampling/datasets/modelnet40_original/train/bottle/bottle_0054.npy,/home/woody/iwnt/iwnt189h/thesis_pointcloud/modelnet40_pointnet2_upsampling/datasets/modelnet40_original_up/pdans_x4/train/bottle/bottle_0054.npy,1024,4096,4.0,0.0,4096,0,0.0,0.02098966,0.02100541,0.04487051,1024,4096,True,False,A,PDANS
/home/woody/iwnt/iwnt189h/thesis_pointcloud/modelnet40_pointnet2_upsampling/datasets/modelnet40_original/train/night_stand/night_stand_0190.npy,/home/woody/iwnt/iwnt189h/thesis_pointcloud/modelnet40_pointnet2_upsampling/datasets/modelnet40_original_up/pdans_x4/train/night_stand/night_stand_0190.npy,1024,4096,4.0,0.0,4096,0,0.0,0.02835101,0.02877231,0.06044699,1024,4096,True,False,A,PDANS
/home/woody/iwnt/iwnt189h/thesis_pointcloud/modelnet40_pointnet2_upsampling/datasets/modelnet40_original/train/bench/bench_0045.npy,/home/woody/iwnt/iwnt189h/thesis_pointcloud/modelnet40_pointnet2_upsampling/datasets/modelnet40_original_up/pdans_x4/train/bench/bench_0045.npy,1024,4096,4.0,0.0,4096,0,0.0,0.01918563,0.01856551,0.04238635,1024,4096,True,False,A,PDANS
/home/woody/iwnt/iwnt189h/thesis_pointcloud/modelnet40_pointnet2_upsampling/datasets/modelnet40_original/train/tv_stand/tv_stand_0134.npy,/home/woody/iwnt/iwnt189h/thesis_pointcloud/modelnet40_pointnet2_upsampling/datasets/modelnet40_original_up/pdans_x4/train/tv_stand/tv_stand_0134.npy,1024,4096,4.0,0.0,4096,0,0.0,0.02233531,0.02307765,0.04495644,1024,4096,True,False,A,PDANS
/home/woody/iwnt/iwnt189h/thesis_pointcloud/modelnet40_pointnet2_upsampling/datasets/modelnet40_original/train/guitar/guitar_0114.npy,/home/woody/iwnt/iwnt189h/thesis_pointcloud/modelnet40_pointnet2_upsampling/datasets/modelnet40_original_up/pdans_x4/train/guitar/guitar_0114.npy,1024,4096,4.0,0.0,4096,0,0.0,0.00978966,0.00917643,0.02114104,1024,4096,True,False,A,PDANS
/home/woody/iwnt/iwnt189h/thesis_pointcloud/modelnet40_pointnet2_upsampling/datasets/modelnet40_original/test/bottle/bottle_0422.npy,/home/woody/iwnt/iwnt189h/thesis_pointcloud/modelnet40_pointnet2_upsampling/datasets/modelnet40_original_up/pdans_x4/test/bottle/bottle_0422.npy,1024,4096,4.0,0.0,4096,0,0.0,0.0155536,0.0153615,0.03253724,1024,4096,True,False,A,PDANS
/home/woody/iwnt/iwnt189h/thesis_pointcloud/modelnet40_pointnet2_upsampling/datasets/modelnet40_original/test/bookshelf/bookshelf_0593.npy,/home/woody/iwnt/iwnt189h/thesis_pointcloud/modelnet40_pointnet2_upsampling/datasets/modelnet40_original_up/pdans_x4/test/bookshelf/bookshelf_0593.npy,1024,4096,4.0,0.0,4096,0,0.0,0.02185478,0.02195857,0.04648238,1024,4096,True,False,A,PDANS
/home/woody/iwnt/iwnt189h/thesis_pointcloud/modelnet40_pointnet2_upsampling/datasets/modelnet40_original/train/monitor/monitor_0379.npy,/home/woody/iwnt/iwnt189h/thesis_pointcloud/modelnet40_pointnet2_upsampling/datasets/modelnet40_original_up/pdans_x4/train/monitor/monitor_0379.npy,1024,4096,4.0,0.0,4096,0,0.0,0.02751894,0.02801756,0.0592036,1024,4096,True,False,A,PDANS
/home/woody/iwnt/iwnt189h/thesis_pointcloud/modelnet40_pointnet2_upsampling/datasets/modelnet40_original/train/vase/vase_0282.npy,/home/woody/iwnt/iwnt189h/thesis_pointcloud/modelnet40_pointnet2_upsampling/datasets/modelnet40_original_up/pdans_x4/train/vase/vase_0282.npy,1024,4096,4.0,0.0,4096,0,0.0,0.02132337,0.02174268,0.04441467,1024,4096,True,False,A,PDANS
/home/woody/iwnt/iwnt189h/thesis_pointcloud/modelnet40_pointnet2_upsampling/datasets/modelnet40_original/train/chair/chair_0563.npy,/home/woody/iwnt/iwnt189h/thesis_pointcloud/modelnet40_pointnet2_upsampling/datasets/modelnet40_original_up/pdans_x4/train/chair/chair_0563.npy,1024,4096,4.0,0.0,4096,0,0.0,0.01509077,0.01460001,0.0335494,1024,4096,True,False,A,PDANS
/home/woody/iwnt/iwnt189h/thesis_pointcloud/modelnet40_pointnet2_upsampling/datasets/modelnet40_original/test/plant/plant_0313.npy,/home/woody/iwnt/iwnt189h/thesis_pointcloud/modelnet40_pointnet2_upsampling/datasets/modelnet40_original_up/pdans_x4/test/plant/plant_0313.npy,1024,4096,4.0,0.0,4096,0,0.0,0.01977857,0.01688036,0.05007145,1024,4096,True,False,A,PDANS
/home/woody/iwnt/iwnt189h/thesis_pointcloud/modelnet40_pointnet2_upsampling/datasets/modelnet40_original/train/bed/bed_0408.npy,/home/woody/iwnt/iwnt189h/thesis_pointcloud/modelnet40_pointnet2_upsampling/datasets/modelnet40_original_up/pdans_x4/train/bed/bed_0408.npy,1024,4096,4.0,0.0,4096,0,0.0,0.02673896,0.02848381,0.05271009,1024,4096,True,False,A,PDANS
/home/woody/iwnt/iwnt189h/thesis_pointcloud/modelnet40_pointnet2_upsampling/datasets/modelnet40_original/train/bed/bed_0019.npy,/home/woody/iwnt/iwnt189h/thesis_pointcloud/modelnet40_pointnet2_upsampling/datasets/modelnet40_original_up/pdans_x4/train/bed/bed_0019.npy,1024,4096,4.0,0.0,4096,0,0.0,0.02290616,0.0224296,0.04941874,1024,4096,True,False,A,PDANS
/home/woody/iwnt/iwnt189h/thesis_pointcloud/modelnet40_pointnet2_upsampling/datasets/modelnet40_original/test/glass_box/glass_box_0201.npy,/home/woody/iwnt/iwnt189h/thesis_pointcloud/modelnet40_pointnet2_upsampling/datasets/modelnet40_original_up/pdans_x4/test/glass_box/glass_box_0201.npy,1024,4096,4.0,0.0,4096,0,0.0,0.03382531,0.03440779,0.07247269,1024,4096,True,False,A,PDANS
/home/woody/iwnt/iwnt189h/thesis_pointcloud/modelnet40_pointnet2_upsampling/datasets/modelnet40_original/train/curtain/curtain_0011.npy,/home/woody/iwnt/iwnt189h/thesis_pointcloud/modelnet40_pointnet2_upsampling/datasets/modelnet40_original_up/pdans_x4/train/curtain/curtain_0011.npy,1024,4096,4.0,0.0,4096,0,0.0,0.0199573,0.02142124,0.03948324,1024,4096,True,False,A,PDANS
/home/woody/iwnt/iwnt189h/thesis_pointcloud/modelnet40_pointnet2_upsampling/datasets/modelnet40_original/train/guitar/guitar_0052.npy,/home/woody/iwnt/iwnt189h/thesis_pointcloud/modelnet40_pointnet2_upsampling/datasets/modelnet40_original_up/pdans_x4/train/guitar/guitar_0052.npy,1024,4096,4.0,0.0,4096,0,0.0,0.00917395,0.00877215,0.01867431,1024,4096,True,False,A,PDANS
/home/woody/iwnt/iwnt189h/thesis_pointcloud/modelnet40_pointnet2_upsampling/datasets/modelnet40_original/train/bench/bench_0061.npy,/home/woody/iwnt/iwnt189h/thesis_pointcloud/modelnet40_pointnet2_upsampling/datasets/modelnet40_original_up/pdans_x4/train/bench/bench_0061.npy,1024,4096,4.0,0.0,4096,0,0.0,0.01874339,0.01890242,0.03898261,1024,4096,True,False,A,PDANS
/home/woody/iwnt/iwnt189h/thesis_pointcloud/modelnet40_pointnet2_upsampling/datasets/modelnet40_original/train/curtain/curtain_0092.npy,/home/woody/iwnt/iwnt189h/thesis_pointcloud/modelnet40_pointnet2_upsampling/datasets/modelnet40_original_up/pdans_x4/train/curtain/curtain_0092.npy,1024,4096,4.0,0.0,4096,0,0.0,0.01805235,0.01857826,0.03516492,1024,4096,True,False,A,PDANS
/home/woody/iwnt/iwnt189h/thesis_pointcloud/modelnet40_pointnet2_upsampling/datasets/modelnet40_original/train/bookshelf/bookshelf_0235.npy,/home/woody/iwnt/iwnt189h/thesis_pointcloud/modelnet40_pointnet2_upsampling/datasets/modelnet40_original_up/pdans_x4/train/bookshelf/bookshelf_0235.npy,1024,4096,4.0,0.0,4096,0,0.0,0.02628471,0.02712311,0.05332369,1024,4096,True,False,A,PDANS
/home/woody/iwnt/iwnt189h/thesis_pointcloud/modelnet40_pointnet2_upsampling/datasets/modelnet40_original/train/person/person_0016.npy,/home/woody/iwnt/iwnt189h/thesis_pointcloud/modelnet40_pointnet2_upsampling/datasets/modelnet40_original_up/pdans_x4/train/person/person_0016.npy,1024,4096,4.0,0.0,4096,0,0.0,0.01080476,0.01025996,0.02257507,1024,4096,True,False,A,PDANS
/home/woody/iwnt/iwnt189h/thesis_pointcloud/modelnet40_pointnet2_upsampling/datasets/modelnet40_original/train/glass_box/glass_box_0036.npy,/home/woody/iwnt/iwnt189h/thesis_pointcloud/modelnet40_pointnet2_upsampling/datasets/modelnet40_original_up/pdans_x4/train/glass_box/glass_box_0036.npy,1024,4096,4.0,0.0,4096,0,0.0,0.03487726,0.03671408,0.07226227,1024,4096,True,False,A,PDANS
/home/woody/iwnt/iwnt189h/thesis_pointcloud/modelnet40_pointnet2_upsampling/datasets/modelnet40_original/train/sofa/sofa_0311.npy,/home/woody/iwnt/iwnt189h/thesis_pointcloud/modelnet40_pointnet2_upsampling/datasets/modelnet40_original_up/pdans_x4/train/sofa/sofa_0311.npy,1024,4096,4.0,0.0,4096,0,0.0,0.02295739,0.0241109,0.04610454,1024,4096,True,False,A,PDANS
/home/woody/iwnt/iwnt189h/thesis_pointcloud/modelnet40_pointnet2_upsampling/datasets/modelnet40_original/test/car/car_0280.npy,/home/woody/iwnt/iwnt189h/thesis_pointcloud/modelnet40_pointnet2_upsampling/datasets/modelnet40_original_up/pdans_x4/test/car/car_0280.npy,1024,4096,4.0,0.0,4096,0,0.0,0.02241277,0.02146475,0.04988033,1024,4096,True,False,A,PDANS
/home/woody/iwnt/iwnt189h/thesis_pointcloud/modelnet40_pointnet2_upsampling/datasets/modelnet40_original/train/monitor/monitor_0431.npy,/home/woody/iwnt/iwnt189h/thesis_pointcloud/modelnet40_pointnet2_upsampling/datasets/modelnet40_original_up/pdans_x4/train/monitor/monitor_0431.npy,1024,4096,4.0,0.0,4096,0,0.0,0.01699506,0.01788985,0.03383732,1024,4096,True,False,A,PDANS
/home/woody/iwnt/iwnt189h/thesis_pointcloud/modelnet40_pointnet2_upsampling/datasets/modelnet40_original/train/chair/chair_0077.npy,/home/woody/iwnt/iwnt189h/thesis_pointcloud/modelnet40_pointnet2_upsampling/datasets/modelnet40_original_up/pdans_x4/train/chair/chair_0077.npy,1024,4096,4.0,0.0,4096,0,0.0,0.02199062,0.02288664,0.04665428,1024,4096,True,False,A,PDANS
/home/woody/iwnt/iwnt189h/thesis_pointcloud/modelnet40_pointnet2_upsampling/datasets/modelnet40_original/train/night_stand/night_stand_0054.npy,/home/woody/iwnt/iwnt189h/thesis_pointcloud/modelnet40_pointnet2_upsampling/datasets/modelnet40_original_up/pdans_x4/train/night_stand/night_stand_0054.npy,1024,4096,4.0,0.0,4096,0,0.0,0.02991011,0.03140201,0.06028055,1024,4096,True,False,A,PDANS
/home/woody/iwnt/iwnt189h/thesis_pointcloud/modelnet40_pointnet2_upsampling/datasets/modelnet40_original/train/monitor/monitor_0274.npy,/home/woody/iwnt/iwnt189h/thesis_pointcloud/modelnet40_pointnet2_upsampling/datasets/modelnet40_original_up/pdans_x4/train/monitor/monitor_0274.npy,1024,4096,4.0,0.0,4096,0,0.0,0.02406148,0.02562802,0.04813424,1024,4096,True,False,A,PDANS
/home/woody/iwnt/iwnt189h/thesis_pointcloud/modelnet40_pointnet2_upsampling/datasets/modelnet40_original/train/chair/chair_0845.npy,/home/woody/iwnt/iwnt189h/thesis_pointcloud/modelnet40_pointnet2_upsampling/datasets/modelnet40_original_up/pdans_x4/train/chair/chair_0845.npy,1024,4096,4.0,0.0,4096,0,0.0,0.01176752,0.0116449,0.02386021,1024,4096,True,False,A,PDANS
/home/woody/iwnt/iwnt189h/thesis_pointcloud/modelnet40_pointnet2_upsampling/datasets/modelnet40_original/test/guitar/guitar_0231.npy,/home/woody/iwnt/iwnt189h/thesis_pointcloud/modelnet40_pointnet2_upsampling/datasets/modelnet40_original_up/pdans_x4/test/guitar/guitar_0231.npy,1024,4096,4.0,0.0,4096,0,0.0,0.01091927,0.01030754,0.02436644,1024,4096,True,False,A,PDANS
/home/woody/iwnt/iwnt189h/thesis_pointcloud/modelnet40_pointnet2_upsampling/datasets/modelnet40_original/train/flower_pot/flower_pot_0005.npy,/home/woody/iwnt/iwnt189h/thesis_pointcloud/modelnet40_pointnet2_upsampling/datasets/modelnet40_original_up/pdans_x4/train/flower_pot/flower_pot_0005.npy,1024,4096,4.0,0.0,4096,0,0.0,0.01864078,0.01813207,0.04079315,1024,4096,True,False,A,PDANS
/home/woody/iwnt/iwnt189h/thesis_pointcloud/modelnet40_pointnet2_upsampling/datasets/modelnet40_original/test/plant/plant_0268.npy,/home/woody/iwnt/iwnt189h/thesis_pointcloud/modelnet40_pointnet2_upsampling/datasets/modelnet40_original_up/pdans_x4/test/plant/plant_0268.npy,1024,4096,4.0,0.0,4096,0,0.0,0.03452609,0.03297285,0.08321012,1024,4096,True,False,A,PDANS
/home/woody/iwnt/iwnt189h/thesis_pointcloud/modelnet40_pointnet2_upsampling/datasets/modelnet40_original/test/monitor/monitor_0500.npy,/home/woody/iwnt/iwnt189h/thesis_pointcloud/modelnet40_pointnet2_upsampling/datasets/modelnet40_original_up/pdans_x4/test/monitor/monitor_0500.npy,1024,4096,4.0,0.0,4096,0,0.0,0.02625358,0.02779567,0.05389352,1024,4096,True,False,A,PDANS
/home/woody/iwnt/iwnt189h/thesis_pointcloud/modelnet40_pointnet2_upsampling/datasets/modelnet40_original/test/desk/desk_0225.npy,/home/woody/iwnt/iwnt189h/thesis_pointcloud/modelnet40_pointnet2_upsampling/datasets/modelnet40_original_up/pdans_x4/test/desk/desk_0225.npy,1024,4096,4.0,0.0,4096,0,0.0,0.01975211,0.01975911,0.04296077,1024,4096,True,False,A,PDANS
/home/woody/iwnt/iwnt189h/thesis_pointcloud/modelnet40_pointnet2_upsampling/datasets/modelnet40_original/train/bed/bed_0438.npy,/home/woody/iwnt/iwnt189h/thesis_pointcloud/modelnet40_pointnet2_upsampling/datasets/modelnet40_original_up/pdans_x4/train/bed/bed_0438.npy,1024,4096,4.0,0.0,4096,0,0.0,0.02604778,0.02733055,0.05317537,1024,4096,True,False,A,PDANS
/home/woody/iwnt/iwnt189h/thesis_pointcloud/modelnet40_pointnet2_upsampling/datasets/modelnet40_original/test/bathtub/bathtub_0144.npy,/home/woody/iwnt/iwnt189h/thesis_pointcloud/modelnet40_pointnet2_upsampling/datasets/modelnet40_original_up/pdans_x4/test/bathtub/bathtub_0144.npy,1024,4096,4.0,0.0,4096,0,0.0,0.02909554,0.03126606,0.05805833,1024,4096,True,False,A,PDANS
/home/woody/iwnt/iwnt189h/thesis_pointcloud/modelnet40_pointnet2_upsampling/datasets/modelnet40_original/test/car/car_0268.npy,/home/woody/iwnt/iwnt189h/thesis_pointcloud/modelnet40_pointnet2_upsampling/datasets/modelnet40_original_up/pdans_x4/test/car/car_0268.npy,1024,4096,4.0,0.0,4096,0,0.0,0.02381586,0.02417264,0.04972853,1024,4096,True,False,A,PDANS
/home/woody/iwnt/iwnt189h/thesis_pointcloud/modelnet40_pointnet2_upsampling/datasets/modelnet40_original/train/chair/chair_0216.npy,/home/woody/iwnt/iwnt189h/thesis_pointcloud/modelnet40_pointnet2_upsampling/datasets/modelnet40_original_up/pdans_x4/train/chair/chair_0216.npy,1024,4096,4.0,0.0,4096,0,0.0,0.0223981,0.02391674,0.04556202,1024,4096,True,False,A,PDANS
/home/woody/iwnt/iwnt189h/thesis_pointcloud/modelnet40_pointnet2_upsampling/datasets/modelnet40_original/train/toilet/toilet_0185.npy,/home/woody/iwnt/iwnt189h/thesis_pointcloud/modelnet40_pointnet2_upsampling/datasets/modelnet40_original_up/pdans_x4/train/toilet/toilet_0185.npy,1024,4096,4.0,0.0,4096,0,0.0,0.02638693,0.02717694,0.05437146,1024,4096,True,False,A,PDANS
/home/woody/iwnt/iwnt189h/thesis_pointcloud/modelnet40_pointnet2_upsampling/datasets/modelnet40_original/test/table/table_0488.npy,/home/woody/iwnt/iwnt189h/thesis_pointcloud/modelnet40_pointnet2_upsampling/datasets/modelnet40_original_up/pdans_x4/test/table/table_0488.npy,1024,4096,4.0,0.0,4096,0,0.0,0.02306801,0.02491826,0.04569614,1024,4096,True,False,A,PDANS
/home/woody/iwnt/iwnt189h/thesis_pointcloud/modelnet40_pointnet2_upsampling/datasets/modelnet40_original/train/desk/desk_0150.npy,/home/woody/iwnt/iwnt189h/thesis_pointcloud/modelnet40_pointnet2_upsampling/datasets/modelnet40_original_up/pdans_x4/train/desk/desk_0150.npy,1024,4096,4.0,0.0,4096,0,0.0,0.02073897,0.02082222,0.04315746,1024,4096,True,False,A,PDANS
/home/woody/iwnt/iwnt189h/thesis_pointcloud/modelnet40_pointnet2_upsampling/datasets/modelnet40_original/train/chair/chair_0090.npy,/home/woody/iwnt/iwnt189h/thesis_pointcloud/modelnet40_pointnet2_upsampling/datasets/modelnet40_original_up/pdans_x4/train/chair/chair_0090.npy,1024,4096,4.0,0.0,4096,0,0.0,0.01821062,0.01842915,0.03845472,1024,4096,True,False,A,PDANS
/home/woody/iwnt/iwnt189h/thesis_pointcloud/modelnet40_pointnet2_upsampling/datasets/modelnet40_original/train/sofa/sofa_0456.npy,/home/woody/iwnt/iwnt189h/thesis_pointcloud/modelnet40_pointnet2_upsampling/datasets/modelnet40_original_up/pdans_x4/train/sofa/sofa_0456.npy,1024,4096,4.0,0.0,4096,0,0.0,0.02561551,0.02675713,0.05147474,1024,4096,True,False,A,PDANS
/home/woody/iwnt/iwnt189h/thesis_pointcloud/modelnet40_pointnet2_upsampling/datasets/modelnet40_original/train/person/person_0005.npy,/home/woody/iwnt/iwnt189h/thesis_pointcloud/modelnet40_pointnet2_upsampling/datasets/modelnet40_original_up/pdans_x4/train/person/person_0005.npy,1024,4096,4.0,0.0,4096,0,0.0,0.01690308,0.01690499,0.03481096,1024,4096,True,False,A,PDANS
/home/woody/iwnt/iwnt189h/thesis_pointcloud/modelnet40_pointnet2_upsampling/datasets/modelnet40_original/train/flower_pot/flower_pot_0053.npy,/home/woody/iwnt/iwnt189h/thesis_pointcloud/modelnet40_pointnet2_upsampling/datasets/modelnet40_original_up/pdans_x4/train/flower_pot/flower_pot_0053.npy,1024,4096,4.0,0.0,4096,0,0.0,0.01559337,0.01455797,0.03671793,1024,4096,True,False,A,PDANS
/home/woody/iwnt/iwnt189h/thesis_pointcloud/modelnet40_pointnet2_upsampling/datasets/modelnet40_downsampled50/train/bathtub/bathtub_0006.npy,/home/woody/iwnt/iwnt189h/thesis_pointcloud/modelnet40_pointnet2_upsampling/datasets/modelnet40_downsampled50_up/pdans_x4/train/bathtub/bathtub_0006.npy,512,2048,4.0,0.0,2048,0,0.0,0.02668371,0.02627634,0.05886039,512,2048,True,False,B,PDANS
/home/woody/iwnt/iwnt189h/thesis_pointcloud/modelnet40_pointnet2_upsampling/datasets/modelnet40_downsampled50/train/glass_box/glass_box_0169.npy,/home/woody/iwnt/iwnt189h/thesis_pointcloud/modelnet40_pointnet2_upsampling/datasets/modelnet40_downsampled50_up/pdans_x4/train/glass_box/glass_box_0169.npy,512,2048,4.0,0.0,2048,0,0.0,0.04106516,0.04172133,0.09026343,512,2048,True,False,B,PDANS
/home/woody/iwnt/iwnt189h/thesis_pointcloud/modelnet40_pointnet2_upsampling/datasets/modelnet40_downsampled50/test/piano/piano_0267.npy,/home/woody/iwnt/iwnt189h/thesis_pointcloud/modelnet40_pointnet2_upsampling/datasets/modelnet40_downsampled50_up/pdans_x4/test/piano/piano_0267.npy,512,2048,4.0,0.0,2048,0,0.0,0.03382502,0.03435636,0.07133364,512,2048,True,False,B,PDANS
/home/woody/iwnt/iwnt189h/thesis_pointcloud/modelnet40_pointnet2_upsampling/datasets/modelnet40_downsampled50/train/bowl/bowl_0032.npy,/home/woody/iwnt/iwnt189h/thesis_pointcloud/modelnet40_pointnet2_upsampling/datasets/modelnet40_downsampled50_up/pdans_x4/train/bowl/bowl_0032.npy,512,2048,4.0,0.0,2048,0,0.0,0.04559561,0.04680013,0.09793745,512,2048,True,False,B,PDANS
/home/woody/iwnt/iwnt189h/thesis_pointcloud/modelnet40_pointnet2_upsampling/datasets/modelnet40_downsampled50/train/sofa/sofa_0461.npy,/home/woody/iwnt/iwnt189h/thesis_pointcloud/modelnet40_pointnet2_upsampling/datasets/modelnet40_downsampled50_up/pdans_x4/train/sofa/sofa_0461.npy,512,2048,4.0,0.0,2048,0,0.0,0.03624455,0.03682761,0.07559779,512,2048,True,False,B,PDANS
/home/woody/iwnt/iwnt189h/thesis_pointcloud/modelnet40_pointnet2_upsampling/datasets/modelnet40_downsampled50/train/night_stand/night_stand_0049.npy,/home/woody/iwnt/iwnt189h/thesis_pointcloud/modelnet40_pointnet2_upsampling/datasets/modelnet40_downsampled50_up/pdans_x4/train/night_stand/night_stand_0049.npy,512,2048,4.0,0.0,2048,0,0.0,0.03159226,0.03256244,0.06548072,512,2048,True,False,B,PDANS
/home/woody/iwnt/iwnt189h/thesis_pointcloud/modelnet40_pointnet2_upsampling/datasets/modelnet40_downsampled50/test/guitar/guitar_0255.npy,/home/woody/iwnt/iwnt189h/thesis_pointcloud/modelnet40_pointnet2_upsampling/datasets/modelnet40_downsampled50_up/pdans_x4/test/guitar/guitar_0255.npy,512,2048,4.0,0.0,2048,0,0.0,0.01363209,0.01430827,0.02643495,512,2048,True,False,B,PDANS
/home/woody/iwnt/iwnt189h/thesis_pointcloud/modelnet40_pointnet2_upsampling/datasets/modelnet40_downsampled50/test/piano/piano_0304.npy,/home/woody/iwnt/iwnt189h/thesis_pointcloud/modelnet40_pointnet2_upsampling/datasets/modelnet40_downsampled50_up/pdans_x4/test/piano/piano_0304.npy,512,2048,4.0,0.0,2048,0,0.0,0.04147693,0.04040012,0.09429001,512,2048,True,False,B,PDANS
/home/woody/iwnt/iwnt189h/thesis_pointcloud/modelnet40_pointnet2_upsampling/datasets/modelnet40_downsampled50/train/bookshelf/bookshelf_0158.npy,/home/woody/iwnt/iwnt189h/thesis_pointcloud/modelnet40_pointnet2_upsampling/datasets/modelnet40_downsampled50_up/pdans_x4/train/bookshelf/bookshelf_0158.npy,512,2048,4.0,0.0,2048,0,0.0,0.0334489,0.03402102,0.07009715,512,2048,True,False,B,PDANS
/home/woody/iwnt/iwnt189h/thesis_pointcloud/modelnet40_pointnet2_upsampling/datasets/modelnet40_downsampled50/train/sofa/sofa_0308.npy,/home/woody/iwnt/iwnt189h/thesis_pointcloud/modelnet40_pointnet2_upsampling/datasets/modelnet40_downsampled50_up/pdans_x4/train/sofa/sofa_0308.npy,512,2048,4.0,0.0,2048,0,0.0,0.03313472,0.03482843,0.06693599,512,2048,True,False,B,PDANS
/home/woody/iwnt/iwnt189h/thesis_pointcloud/modelnet40_pointnet2_upsampling/datasets/modelnet40_downsampled50/train/xbox/xbox_0071.npy,/home/woody/iwnt/iwnt189h/thesis_pointcloud/modelnet40_pointnet2_upsampling/datasets/modelnet40_downsampled50_up/pdans_x4/train/xbox/xbox_0071.npy,512,2048,4.0,0.0,2048,0,0.0,0.03328348,0.03384902,0.07222136,512,2048,True,False,B,PDANS
/home/woody/iwnt/iwnt189h/thesis_pointcloud/modelnet40_pointnet2_upsampling/datasets/modelnet40_downsampled50/train/table/table_0152.npy,/home/woody/iwnt/iwnt189h/thesis_pointcloud/modelnet40_pointnet2_upsampling/datasets/modelnet40_downsampled50_up/pdans_x4/train/table/table_0152.npy,512,2048,4.0,0.0,2048,0,0.0,0.02742355,0.02650653,0.0586653,512,2048,True,False,B,PDANS
/home/woody/iwnt/iwnt189h/thesis_pointcloud/modelnet40_pointnet2_upsampling/datasets/modelnet40_downsampled50/test/bathtub/bathtub_0141.npy,/home/woody/iwnt/iwnt189h/thesis_pointcloud/modelnet40_pointnet2_upsampling/datasets/modelnet40_downsampled50_up/pdans_x4/test/bathtub/bathtub_0141.npy,512,2048,4.0,0.0,2048,0,0.0,0.03130981,0.03181807,0.0659679,512,2048,True,False,B,PDANS
/home/woody/iwnt/iwnt189h/thesis_pointcloud/modelnet40_pointnet2_upsampling/datasets/modelnet40_downsampled50/train/airplane/airplane_0314.npy,/home/woody/iwnt/iwnt189h/thesis_pointcloud/modelnet40_pointnet2_upsampling/datasets/modelnet40_downsampled50_up/pdans_x4/train/airplane/airplane_0314.npy,512,2048,4.0,0.0,2048,0,0.0,0.01708809,0.01614711,0.03660732,512,2048,True,False,B,PDANS
/home/woody/iwnt/iwnt189h/thesis_pointcloud/modelnet40_pointnet2_upsampling/datasets/modelnet40_downsampled50/train/tent/tent_0019.npy,/home/woody/iwnt/iwnt189h/thesis_pointcloud/modelnet40_pointnet2_upsampling/datasets/modelnet40_downsampled50_up/pdans_x4/train/tent/tent_0019.npy,512,2048,4.0,0.0,2048,0,0.0,0.03860923,0.03722783,0.08831274,512,2048,True,False,B,PDANS
/home/woody/iwnt/iwnt189h/thesis_pointcloud/modelnet40_pointnet2_upsampling/datasets/modelnet40_downsampled50/train/sink/sink_0095.npy,/home/woody/iwnt/iwnt189h/thesis_pointcloud/modelnet40_pointnet2_upsampling/datasets/modelnet40_downsampled50_up/pdans_x4/train/sink/sink_0095.npy,512,2048,4.0,0.0,2048,0,0.0,0.0245328,0.02390768,0.05372738,512,2048,True,False,B,PDANS
/home/woody/iwnt/iwnt189h/thesis_pointcloud/modelnet40_pointnet2_upsampling/datasets/modelnet40_downsampled50/train/vase/vase_0270.npy,/home/woody/iwnt/iwnt189h/thesis_pointcloud/modelnet40_pointnet2_upsampling/datasets/modelnet40_downsampled50_up/pdans_x4/train/vase/vase_0270.npy,512,2048,4.0,0.0,2048,0,0.0,0.04048637,0.04308407,0.08145263,512,2048,True,False,B,PDANS
/home/woody/iwnt/iwnt189h/thesis_pointcloud/modelnet40_pointnet2_upsampling/datasets/modelnet40_downsampled50/train/night_stand/night_stand_0089.npy,/home/woody/iwnt/iwnt189h/thesis_pointcloud/modelnet40_pointnet2_upsampling/datasets/modelnet40_downsampled50_up/pdans_x4/train/night_stand/night_stand_0089.npy,512,2048,4.0,0.0,2048,0,0.0,0.04323748,0.04615389,0.08618636,512,2048,True,False,B,PDANS
/home/woody/iwnt/iwnt189h/thesis_pointcloud/modelnet40_pointnet2_upsampling/datasets/modelnet40_downsampled50/test/bottle/bottle_0354.npy,/home/woody/iwnt/iwnt189h/thesis_pointcloud/modelnet40_pointnet2_upsampling/datasets/modelnet40_downsampled50_up/pdans_x4/test/bottle/bottle_0354.npy,512,2048,4.0,0.0,2048,0,0.0,0.0271179,0.0267877,0.05773487,512,2048,True,False,B,PDANS
/home/woody/iwnt/iwnt189h/thesis_pointcloud/modelnet40_pointnet2_upsampling/datasets/modelnet40_downsampled50/train/tv_stand/tv_stand_0051.npy,/home/woody/iwnt/iwnt189h/thesis_pointcloud/modelnet40_pointnet2_upsampling/datasets/modelnet40_downsampled50_up/pdans_x4/train/tv_stand/tv_stand_0051.npy,512,2048,4.0,0.0,2048,0,0.0,0.036879,0.03896636,0.07699089,512,2048,True,False,B,PDANS
/home/woody/iwnt/iwnt189h/thesis_pointcloud/modelnet40_pointnet2_upsampling/datasets/modelnet40_downsampled50/train/sink/sink_0122.npy,/home/woody/iwnt/iwnt189h/thesis_pointcloud/modelnet40_pointnet2_upsampling/datasets/modelnet40_downsampled50_up/pdans_x4/train/sink/sink_0122.npy,512,2048,4.0,0.0,2048,0,0.0,0.02429923,0.02378775,0.05375106,512,2048,True,False,B,PDANS
/home/woody/iwnt/iwnt189h/thesis_pointcloud/modelnet40_pointnet2_upsampling/datasets/modelnet40_downsampled50/train/piano/piano_0155.npy,/home/woody/iwnt/iwnt189h/thesis_pointcloud/modelnet40_pointnet2_upsampling/datasets/modelnet40_downsampled50_up/pdans_x4/train/piano/piano_0155.npy,512,2048,4.0,0.0,2048,0,0.0,0.04049029,0.04155749,0.08240121,512,2048,True,False,B,PDANS
/home/woody/iwnt/iwnt189h/thesis_pointcloud/modelnet40_pointnet2_upsampling/datasets/modelnet40_downsampled50/train/chair/chair_0299.npy,/home/woody/iwnt/iwnt189h/thesis_pointcloud/modelnet40_pointnet2_upsampling/datasets/modelnet40_downsampled50_up/pdans_x4/train/chair/chair_0299.npy,512,2048,4.0,0.0,2048,0,0.0,0.03821908,0.03858719,0.07950238,512,2048,True,False,B,PDANS
/home/woody/iwnt/iwnt189h/thesis_pointcloud/modelnet40_pointnet2_upsampling/datasets/modelnet40_downsampled50/train/bed/bed_0214.npy,/home/woody/iwnt/iwnt189h/thesis_pointcloud/modelnet40_pointnet2_upsampling/datasets/modelnet40_downsampled50_up/pdans_x4/train/bed/bed_0214.npy,512,2048,4.0,0.0,2048,0,0.0,0.03730005,0.04032072,0.07296376,512,2048,True,False,B,PDANS
/home/woody/iwnt/iwnt189h/thesis_pointcloud/modelnet40_pointnet2_upsampling/datasets/modelnet40_downsampled50/train/bookshelf/bookshelf_0339.npy,/home/woody/iwnt/iwnt189h/thesis_pointcloud/modelnet40_pointnet2_upsampling/datasets/modelnet40_downsampled50_up/pdans_x4/train/bookshelf/bookshelf_0339.npy,512,2048,4.0,0.0,2048,0,0.0,0.02772427,0.02608445,0.06274739,512,2048,True,False,B,PDANS
/home/woody/iwnt/iwnt189h/thesis_pointcloud/modelnet40_pointnet2_upsampling/datasets/modelnet40_downsampled50/train/bottle/bottle_0049.npy,/home/woody/iwnt/iwnt189h/thesis_pointcloud/modelnet40_pointnet2_upsampling/datasets/modelnet40_downsampled50_up/pdans_x4/train/bottle/bottle_0049.npy,512,2048,4.0,0.0,2048,0,0.0,0.02243594,0.02240141,0.04801836,512,2048,True,False,B,PDANS
/home/woody/iwnt/iwnt189h/thesis_pointcloud/modelnet40_pointnet2_upsampling/datasets/modelnet40_downsampled50/train/night_stand/night_stand_0147.npy,/home/woody/iwnt/iwnt189h/thesis_pointcloud/modelnet40_pointnet2_upsampling/datasets/modelnet40_downsampled50_up/pdans_x4/train/night_stand/night_stand_0147.npy,512,2048,4.0,0.0,2048,0,0.0,0.04469022,0.04609377,0.09250906,512,2048,True,False,B,PDANS
/home/woody/iwnt/iwnt189h/thesis_pointcloud/modelnet40_pointnet2_upsampling/datasets/modelnet40_downsampled50/train/car/car_0124.npy,/home/woody/iwnt/iwnt189h/thesis_pointcloud/modelnet40_pointnet2_upsampling/datasets/modelnet40_downsampled50_up/pdans_x4/train/car/car_0124.npy,512,2048,4.0,0.0,2048,0,0.0,0.03157816,0.03064309,0.07183657,512,2048,True,False,B,PDANS
/home/woody/iwnt/iwnt189h/thesis_pointcloud/modelnet40_pointnet2_upsampling/datasets/modelnet40_downsampled50/train/bookshelf/bookshelf_0149.npy,/home/woody/iwnt/iwnt189h/thesis_pointcloud/modelnet40_pointnet2_upsampling/datasets/modelnet40_downsampled50_up/pdans_x4/train/bookshelf/bookshelf_0149.npy,512,2048,4.0,0.0,2048,0,0.0,0.0316063,0.03337531,0.06690363,512,2048,True,False,B,PDANS
/home/woody/iwnt/iwnt189h/thesis_pointcloud/modelnet40_pointnet2_upsampling/datasets/modelnet40_downsampled50/train/chair/chair_0044.npy,/home/woody/iwnt/iwnt189h/thesis_pointcloud/modelnet40_pointnet2_upsampling/datasets/modelnet40_downsampled50_up/pdans_x4/train/chair/chair_0044.npy,512,2048,4.0,0.0,2048,0,0.0,0.03214785,0.03380923,0.0663941,512,2048,True,False,B,PDANS
/home/woody/iwnt/iwnt189h/thesis_pointcloud/modelnet40_pointnet2_upsampling/datasets/modelnet40_downsampled50/train/table/table_0384.npy,/home/woody/iwnt/iwnt189h/thesis_pointcloud/modelnet40_pointnet2_upsampling/datasets/modelnet40_downsampled50_up/pdans_x4/train/table/table_0384.npy,512,2048,4.0,0.0,2048,0,0.0,0.02054541,0.01839698,0.04786671,512,2048,True,False,B,PDANS
/home/woody/iwnt/iwnt189h/thesis_pointcloud/modelnet40_pointnet2_upsampling/datasets/modelnet40_downsampled50/train/table/table_0115.npy,/home/woody/iwnt/iwnt189h/thesis_pointcloud/modelnet40_pointnet2_upsampling/datasets/modelnet40_downsampled50_up/pdans_x4/train/table/table_0115.npy,512,2048,4.0,0.0,2048,0,0.0,0.02676594,0.02694319,0.05636047,512,2048,True,False,B,PDANS
/home/woody/iwnt/iwnt189h/thesis_pointcloud/modelnet40_pointnet2_upsampling/datasets/modelnet40_downsampled50/train/bottle/bottle_0117.npy,/home/woody/iwnt/iwnt189h/thesis_pointcloud/modelnet40_pointnet2_upsampling/datasets/modelnet40_downsampled50_up/pdans_x4/train/bottle/bottle_0117.npy,512,2048,4.0,0.0,2048,0,0.0,0.02422962,0.02420722,0.05109979,512,2048,True,False,B,PDANS
/home/woody/iwnt/iwnt189h/thesis_pointcloud/modelnet40_pointnet2_upsampling/datasets/modelnet40_downsampled50/train/piano/piano_0039.npy,/home/woody/iwnt/iwnt189h/thesis_pointcloud/modelnet40_pointnet2_upsampling/datasets/modelnet40_downsampled50_up/pdans_x4/train/piano/piano_0039.npy,512,2048,4.0,0.0,2048,0,0.0,0.02818646,0.02841762,0.05901674,512,2048,True,False,B,PDANS
/home/woody/iwnt/iwnt189h/thesis_pointcloud/modelnet40_pointnet2_upsampling/datasets/modelnet40_downsampled50/train/xbox/xbox_0045.npy,/home/woody/iwnt/iwnt189h/thesis_pointcloud/modelnet40_pointnet2_upsampling/datasets/modelnet40_downsampled50_up/pdans_x4/train/xbox/xbox_0045.npy,512,2048,4.0,0.0,2048,0,0.0,0.02771104,0.02804589,0.05904303,512,2048,True,False,B,PDANS
/home/woody/iwnt/iwnt189h/thesis_pointcloud/modelnet40_pointnet2_upsampling/datasets/modelnet40_downsampled50/train/table/table_0290.npy,/home/woody/iwnt/iwnt189h/thesis_pointcloud/modelnet40_pointnet2_upsampling/datasets/modelnet40_downsampled50_up/pdans_x4/train/table/table_0290.npy,512,2048,4.0,0.0,2048,0,0.0,0.02194971,0.02091468,0.0447171,512,2048,True,False,B,PDANS
/home/woody/iwnt/iwnt189h/thesis_pointcloud/modelnet40_pointnet2_upsampling/datasets/modelnet40_downsampled50/train/flower_pot/flower_pot_0086.npy,/home/woody/iwnt/iwnt189h/thesis_pointcloud/modelnet40_pointnet2_upsampling/datasets/modelnet40_downsampled50_up/pdans_x4/train/flower_pot/flower_pot_0086.npy,512,2048,4.0,0.0,2048,0,0.0,0.04300141,0.04502472,0.08966507,512,2048,True,False,B,PDANS
/home/woody/iwnt/iwnt189h/thesis_pointcloud/modelnet40_pointnet2_upsampling/datasets/modelnet40_downsampled50/train/vase/vase_0246.npy,/home/woody/iwnt/iwnt189h/thesis_pointcloud/modelnet40_pointnet2_upsampling/datasets/modelnet40_downsampled50_up/pdans_x4/train/vase/vase_0246.npy,512,2048,4.0,0.0,2048,0,0.0,0.03086331,0.02715858,0.0792608,512,2048,True,False,B,PDANS
/home/woody/iwnt/iwnt189h/thesis_pointcloud/modelnet40_pointnet2_upsampling/datasets/modelnet40_downsampled50/train/chair/chair_0392.npy,/home/woody/iwnt/iwnt189h/thesis_pointcloud/modelnet40_pointnet2_upsampling/datasets/modelnet40_downsampled50_up/pdans_x4/train/chair/chair_0392.npy,512,2048,4.0,0.0,2048,0,0.0,0.02264457,0.02423919,0.04484732,512,2048,True,False,B,PDANS
/home/woody/iwnt/iwnt189h/thesis_pointcloud/modelnet40_pointnet2_upsampling/datasets/modelnet40_downsampled50/train/night_stand/night_stand_0164.npy,/home/woody/iwnt/iwnt189h/thesis_pointcloud/modelnet40_pointnet2_upsampling/datasets/modelnet40_downsampled50_up/pdans_x4/train/night_stand/night_stand_0164.npy,512,2048,4.0,0.0,2048,0,0.0,0.03960595,0.03989094,0.08443196,512,2048,True,False,B,PDANS
/home/woody/iwnt/iwnt189h/thesis_pointcloud/modelnet40_pointnet2_upsampling/datasets/modelnet40_downsampled50/train/bed/bed_0309.npy,/home/woody/iwnt/iwnt189h/thesis_pointcloud/modelnet40_pointnet2_upsampling/datasets/modelnet40_downsampled50_up/pdans_x4/train/bed/bed_0309.npy,512,2048,4.0,0.0,2048,0,0.0,0.03832199,0.03925538,0.07933605,512,2048,True,False,B,PDANS
/home/woody/iwnt/iwnt189h/thesis_pointcloud/modelnet40_pointnet2_upsampling/datasets/modelnet40_downsampled50/train/bed/bed_0070.npy,/home/woody/iwnt/iwnt189h/thesis_pointcloud/modelnet40_pointnet2_upsampling/datasets/modelnet40_downsampled50_up/pdans_x4/train/bed/bed_0070.npy,512,2048,4.0,0.0,2048,0,0.0,0.03120716,0.03026369,0.06743597,512,2048,True,False,B,PDANS
/home/woody/iwnt/iwnt189h/thesis_pointcloud/modelnet40_pointnet2_upsampling/datasets/modelnet40_downsampled50/train/vase/vase_0313.npy,/home/woody/iwnt/iwnt189h/thesis_pointcloud/modelnet40_pointnet2_upsampling/datasets/modelnet40_downsampled50_up/pdans_x4/train/vase/vase_0313.npy,512,2048,4.0,0.0,2048,0,0.0,0.01863097,0.0187643,0.03938453,512,2048,True,False,B,PDANS
/home/woody/iwnt/iwnt189h/thesis_pointcloud/modelnet40_pointnet2_upsampling/datasets/modelnet40_downsampled50/train/bed/bed_0271.npy,/home/woody/iwnt/iwnt189h/thesis_pointcloud/modelnet40_pointnet2_upsampling/datasets/modelnet40_downsampled50_up/pdans_x4/train/bed/bed_0271.npy,512,2048,4.0,0.0,2048,0,0.0,0.03383608,0.03463757,0.06988954,512,2048,True,False,B,PDANS
/home/woody/iwnt/iwnt189h/thesis_pointcloud/modelnet40_pointnet2_upsampling/datasets/modelnet40_downsampled50/train/chair/chair_0470.npy,/home/woody/iwnt/iwnt189h/thesis_pointcloud/modelnet40_pointnet2_upsampling/datasets/modelnet40_downsampled50_up/pdans_x4/train/chair/chair_0470.npy,512,2048,4.0,0.0,2048,0,0.0,0.0252062,0.02620841,0.05179204,512,2048,True,False,B,PDANS
/home/woody/iwnt/iwnt189h/thesis_pointcloud/modelnet40_pointnet2_upsampling/datasets/modelnet40_downsampled50/train/bed/bed_0275.npy,/home/woody/iwnt/iwnt189h/thesis_pointcloud/modelnet40_pointnet2_upsampling/datasets/modelnet40_downsampled50_up/pdans_x4/train/bed/bed_0275.npy,512,2048,4.0,0.0,2048,0,0.0,0.03674335,0.03756988,0.07967315,512,2048,True,False,B,PDANS
/home/woody/iwnt/iwnt189h/thesis_pointcloud/modelnet40_pointnet2_upsampling/datasets/modelnet40_downsampled50/train/chair/chair_0128.npy,/home/woody/iwnt/iwnt189h/thesis_pointcloud/modelnet40_pointnet2_upsampling/datasets/modelnet40_downsampled50_up/pdans_x4/train/chair/chair_0128.npy,512,2048,4.0,0.0,2048,0,0.0,0.02748053,0.02868469,0.06047223,512,2048,True,False,B,PDANS
/home/woody/iwnt/iwnt189h/thesis_pointcloud/modelnet40_pointnet2_upsampling/datasets/modelnet40_downsampled50/train/keyboard/keyboard_0008.npy,/home/woody/iwnt/iwnt189h/thesis_pointcloud/modelnet40_pointnet2_upsampling/datasets/modelnet40_downsampled50_up/pdans_x4/train/keyboard/keyboard_0008.npy,512,2048,4.0,0.0,2048,0,0.0,0.01898575,0.0190498,0.0395306,512,2048,True,False,B,PDANS
/home/woody/iwnt/iwnt189h/thesis_pointcloud/modelnet40_pointnet2_upsampling/datasets/modelnet40_downsampled50/train/flower_pot/flower_pot_0141.npy,/home/woody/iwnt/iwnt189h/thesis_pointcloud/modelnet40_pointnet2_upsampling/datasets/modelnet40_downsampled50_up/pdans_x4/train/flower_pot/flower_pot_0141.npy,512,2048,4.0,0.0,2048,0,0.0,0.0208186,0.01929659,0.0467075,512,2048,True,False,B,PDANS
/home/woody/iwnt/iwnt189h/thesis_pointcloud/modelnet40_pointnet2_upsampling/datasets/modelnet40_downsampled50/train/bench/bench_0016.npy,/home/woody/iwnt/iwnt189h/thesis_pointcloud/modelnet40_pointnet2_upsampling/datasets/modelnet40_downsampled50_up/pdans_x4/train/bench/bench_0016.npy,512,2048,4.0,0.0,2048,0,0.0,0.01811786,0.01655203,0.04281963,512,2048,True,False,B,PDANS
/home/woody/iwnt/iwnt189h/thesis_pointcloud/modelnet40_pointnet2_upsampling/datasets/modelnet40_downsampled50/train/tent/tent_0153.npy,/home/woody/iwnt/iwnt189h/thesis_pointcloud/modelnet40_pointnet2_upsampling/datasets/modelnet40_downsampled50_up/pdans_x4/train/tent/tent_0153.npy,512,2048,4.0,0.0,2048,0,0.0,0.03112513,0.03001379,0.06981015,512,2048,True,False,B,PDANS
/home/woody/iwnt/iwnt189h/thesis_pointcloud/modelnet40_pointnet2_upsampling/datasets/modelnet40_downsampled50/test/bottle/bottle_0338.npy,/home/woody/iwnt/iwnt189h/thesis_pointcloud/modelnet40_pointnet2_upsampling/datasets/modelnet40_downsampled50_up/pdans_x4/test/bottle/bottle_0338.npy,512,2048,4.0,0.0,2048,0,0.0,0.03269871,0.03190219,0.07125949,512,2048,True,False,B,PDANS
/home/woody/iwnt/iwnt189h/thesis_pointcloud/modelnet40_pointnet2_upsampling/datasets/modelnet40_downsampled50/train/bookshelf/bookshelf_0269.npy,/home/woody/iwnt/iwnt189h/thesis_pointcloud/modelnet40_pointnet2_upsampling/datasets/modelnet40_downsampled50_up/pdans_x4/train/bookshelf/bookshelf_0269.npy,512,2048,4.0,0.0,2048,0,0.0,0.03731329,0.03955093,0.07519305,512,2048,True,False,B,PDANS
/home/woody/iwnt/iwnt189h/thesis_pointcloud/modelnet40_pointnet2_upsampling/datasets/modelnet40_downsampled50/train/vase/vase_0397.npy,/home/woody/iwnt/iwnt189h/thesis_pointcloud/modelnet40_pointnet2_upsampling/datasets/modelnet40_downsampled50_up/pdans_x4/train/vase/vase_0397.npy,512,2048,4.0,0.0,2048,0,0.0,0.03395024,0.03589359,0.06883381,512,2048,True,False,B,PDANS
/home/woody/iwnt/iwnt189h/thesis_pointcloud/modelnet40_pointnet2_upsampling/datasets/modelnet40_downsampled50/test/dresser/dresser_0216.npy,/home/woody/iwnt/iwnt189h/thesis_pointcloud/modelnet40_pointnet2_upsampling/datasets/modelnet40_downsampled50_up/pdans_x4/test/dresser/dresser_0216.npy,512,2048,4.0,0.0,2048,0,0.0,0.04564659,0.04734661,0.09756593,512,2048,True,False,B,PDANS
/home/woody/iwnt/iwnt189h/thesis_pointcloud/modelnet40_pointnet2_upsampling/datasets/modelnet40_downsampled50/test/desk/desk_0253.npy,/home/woody/iwnt/iwnt189h/thesis_pointcloud/modelnet40_pointnet2_upsampling/datasets/modelnet40_downsampled50_up/pdans_x4/test/desk/desk_0253.npy,512,2048,4.0,0.0,2048,0,0.0,0.02866591,0.03010802,0.06155178,512,2048,True,False,B,PDANS
/home/woody/iwnt/iwnt189h/thesis_pointcloud/modelnet40_pointnet2_upsampling/datasets/modelnet40_downsampled50/test/mantel/mantel_0348.npy,/home/woody/iwnt/iwnt189h/thesis_pointcloud/modelnet40_pointnet2_upsampling/datasets/modelnet40_downsampled50_up/pdans_x4/test/mantel/mantel_0348.npy,512,2048,4.0,0.0,2048,0,0.0,0.04138121,0.04020679,0.09079635,512,2048,True,False,B,PDANS
/home/woody/iwnt/iwnt189h/thesis_pointcloud/modelnet40_pointnet2_upsampling/datasets/modelnet40_downsampled50/train/bed/bed_0269.npy,/home/woody/iwnt/iwnt189h/thesis_pointcloud/modelnet40_pointnet2_upsampling/datasets/modelnet40_downsampled50_up/pdans_x4/train/bed/bed_0269.npy,512,2048,4.0,0.0,2048,0,0.0,0.03320924,0.03361044,0.07845444,512,2048,True,False,B,PDANS
/home/woody/iwnt/iwnt189h/thesis_pointcloud/modelnet40_pointnet2_upsampling/datasets/modelnet40_downsampled50/train/bookshelf/bookshelf_0122.npy,/home/woody/iwnt/iwnt189h/thesis_pointcloud/modelnet40_pointnet2_upsampling/datasets/modelnet40_downsampled50_up/pdans_x4/train/bookshelf/bookshelf_0122.npy,512,2048,4.0,0.0,2048,0,0.0,0.04347474,0.04875419,0.08194928,512,2048,True,False,B,PDANS
/home/woody/iwnt/iwnt189h/thesis_pointcloud/modelnet40_pointnet2_upsampling/datasets/modelnet40_downsampled50/test/bookshelf/bookshelf_0663.npy,/home/woody/iwnt/iwnt189h/thesis_pointcloud/modelnet40_pointnet2_upsampling/datasets/modelnet40_downsampled50_up/pdans_x4/test/bookshelf/bookshelf_0663.npy,512,2048,4.0,0.0,2048,0,0.0,0.03384284,0.0354721,0.06850732,512,2048,True,False,B,PDANS
/home/woody/iwnt/iwnt189h/thesis_pointcloud/modelnet40_pointnet2_upsampling/datasets/modelnet40_downsampled50/train/sofa/sofa_0377.npy,/home/woody/iwnt/iwnt189h/thesis_pointcloud/modelnet40_pointnet2_upsampling/datasets/modelnet40_downsampled50_up/pdans_x4/train/sofa/sofa_0377.npy,512,2048,4.0,0.0,2048,0,0.0,0.04025758,0.04245999,0.07980527,512,2048,True,False,B,PDANS
/home/woody/iwnt/iwnt189h/thesis_pointcloud/modelnet40_pointnet2_upsampling/datasets/modelnet40_downsampled50/test/desk/desk_0210.npy,/home/woody/iwnt/iwnt189h/thesis_pointcloud/modelnet40_pointnet2_upsampling/datasets/modelnet40_downsampled50_up/pdans_x4/test/desk/desk_0210.npy,512,2048,4.0,0.0,2048,0,0.0,0.03146355,0.03109051,0.06917555,512,2048,True,False,B,PDANS
/home/woody/iwnt/iwnt189h/thesis_pointcloud/modelnet40_pointnet2_upsampling/datasets/modelnet40_downsampled50/test/table/table_0394.npy,/home/woody/iwnt/iwnt189h/thesis_pointcloud/modelnet40_pointnet2_upsampling/datasets/modelnet40_downsampled50_up/pdans_x4/test/table/table_0394.npy,512,2048,4.0,0.0,2048,0,0.0,0.0284027,0.02892652,0.0600008,512,2048,True,False,B,PDANS
/home/woody/iwnt/iwnt189h/thesis_pointcloud/modelnet40_pointnet2_upsampling/datasets/modelnet40_downsampled50/train/mantel/mantel_0165.npy,/home/woody/iwnt/iwnt189h/thesis_pointcloud/modelnet40_pointnet2_upsampling/datasets/modelnet40_downsampled50_up/pdans_x4/train/mantel/mantel_0165.npy,512,2048,4.0,0.0,2048,0,0.0,0.038173,0.03762121,0.08339283,512,2048,True,False,B,PDANS
/home/woody/iwnt/iwnt189h/thesis_pointcloud/modelnet40_pointnet2_upsampling/datasets/modelnet40_downsampled50/train/mantel/mantel_0147.npy,/home/woody/iwnt/iwnt189h/thesis_pointcloud/modelnet40_pointnet2_upsampling/datasets/modelnet40_downsampled50_up/pdans_x4/train/mantel/mantel_0147.npy,512,2048,4.0,0.0,2048,0,0.0,0.03594671,0.03624647,0.07697578,512,2048,True,False,B,PDANS
/home/woody/iwnt/iwnt189h/thesis_pointcloud/modelnet40_pointnet2_upsampling/datasets/modelnet40_downsampled50/train/toilet/toilet_0099.npy,/home/woody/iwnt/iwnt189h/thesis_pointcloud/modelnet40_pointnet2_upsampling/datasets/modelnet40_downsampled50_up/pdans_x4/train/toilet/toilet_0099.npy,512,2048,4.0,0.0,2048,0,0.0,0.03673729,0.03774459,0.07725011,512,2048,True,False,B,PDANS
/home/woody/iwnt/iwnt189h/thesis_pointcloud/modelnet40_pointnet2_upsampling/datasets/modelnet40_downsampled50/test/glass_box/glass_box_0247.npy,/home/woody/iwnt/iwnt189h/thesis_pointcloud/modelnet40_pointnet2_upsampling/datasets/modelnet40_downsampled50_up/pdans_x4/test/glass_box/glass_box_0247.npy,512,2048,4.0,0.0,2048,0,0.0,0.03794608,0.03884567,0.07832053,512,2048,True,False,B,PDANS
/home/woody/iwnt/iwnt189h/thesis_pointcloud/modelnet40_pointnet2_upsampling/datasets/modelnet40_downsampled50/test/plant/plant_0257.npy,/home/woody/iwnt/iwnt189h/thesis_pointcloud/modelnet40_pointnet2_upsampling/datasets/modelnet40_downsampled50_up/pdans_x4/test/plant/plant_0257.npy,512,2048,4.0,0.0,2048,0,0.0,0.02073617,0.01882254,0.04965191,512,2048,True,False,B,PDANS
/home/woody/iwnt/iwnt189h/thesis_pointcloud/modelnet40_pointnet2_upsampling/datasets/modelnet40_downsampled50/train/sofa/sofa_0072.npy,/home/woody/iwnt/iwnt189h/thesis_pointcloud/modelnet40_pointnet2_upsampling/datasets/modelnet40_downsampled50_up/pdans_x4/train/sofa/sofa_0072.npy,512,2048,4.0,0.0,2048,0,0.0,0.04264006,0.04370282,0.08968451,512,2048,True,False,B,PDANS
/home/woody/iwnt/iwnt189h/thesis_pointcloud/modelnet40_pointnet2_upsampling/datasets/modelnet40_downsampled50/train/chair/chair_0146.npy,/home/woody/iwnt/iwnt189h/thesis_pointcloud/modelnet40_pointnet2_upsampling/datasets/modelnet40_downsampled50_up/pdans_x4/train/chair/chair_0146.npy,512,2048,4.0,0.0,2048,0,0.0,0.02349154,0.02413968,0.04983289,512,2048,True,False,B,PDANS
/home/woody/iwnt/iwnt189h/thesis_pointcloud/modelnet40_pointnet2_upsampling/datasets/modelnet40_downsampled50/train/bottle/bottle_0078.npy,/home/woody/iwnt/iwnt189h/thesis_pointcloud/modelnet40_pointnet2_upsampling/datasets/modelnet40_downsampled50_up/pdans_x4/train/bottle/bottle_0078.npy,512,2048,4.0,0.0,2048,0,0.0,0.02333659,0.02305721,0.05061064,512,2048,True,False,B,PDANS
/home/woody/iwnt/iwnt189h/thesis_pointcloud/modelnet40_pointnet2_upsampling/datasets/modelnet40_downsampled50/train/bench/bench_0067.npy,/home/woody/iwnt/iwnt189h/thesis_pointcloud/modelnet40_pointnet2_upsampling/datasets/modelnet40_downsampled50_up/pdans_x4/train/bench/bench_0067.npy,512,2048,4.0,0.0,2048,0,0.0,0.03205168,0.03342085,0.06613605,512,2048,True,False,B,PDANS
/home/woody/iwnt/iwnt189h/thesis_pointcloud/modelnet40_pointnet2_upsampling/datasets/modelnet40_downsampled50/train/laptop/laptop_0122.npy,/home/woody/iwnt/iwnt189h/thesis_pointcloud/modelnet40_pointnet2_upsampling/datasets/modelnet40_downsampled50_up/pdans_x4/train/laptop/laptop_0122.npy,512,2048,4.0,0.0,2048,0,0.0,0.02934089,0.03134656,0.05699751,512,2048,True,False,B,PDANS
/home/woody/iwnt/iwnt189h/thesis_pointcloud/modelnet40_pointnet2_upsampling/datasets/modelnet40_downsampled50/train/bed/bed_0089.npy,/home/woody/iwnt/iwnt189h/thesis_pointcloud/modelnet40_pointnet2_upsampling/datasets/modelnet40_downsampled50_up/pdans_x4/train/bed/bed_0089.npy,512,2048,4.0,0.0,2048,0,0.0,0.04272448,0.04339769,0.09524276,512,2048,True,False,B,PDANS
/home/woody/iwnt/iwnt189h/thesis_pointcloud/modelnet40_pointnet2_upsampling/datasets/modelnet40_downsampled50/train/wardrobe/wardrobe_0037.npy,/home/woody/iwnt/iwnt189h/thesis_pointcloud/modelnet40_pointnet2_upsampling/datasets/modelnet40_downsampled50_up/pdans_x4/train/wardrobe/wardrobe_0037.npy,512,2048,4.0,0.0,2048,0,0.0,0.03789741,0.03912562,0.080361,512,2048,True,False,B,PDANS
/home/woody/iwnt/iwnt189h/thesis_pointcloud/modelnet40_pointnet2_upsampling/datasets/modelnet40_downsampled50/train/flower_pot/flower_pot_0023.npy,/home/woody/iwnt/iwnt189h/thesis_pointcloud/modelnet40_pointnet2_upsampling/datasets/modelnet40_downsampled50_up/pdans_x4/train/flower_pot/flower_pot_0023.npy,512,2048,4.0,0.0,2048,0,0.0,0.04878941,0.05270545,0.09541584,512,2048,True,False,B,PDANS
/home/woody/iwnt/iwnt189h/thesis_pointcloud/modelnet40_pointnet2_upsampling/datasets/modelnet40_downsampled50/train/night_stand/night_stand_0019.npy,/home/woody/iwnt/iwnt189h/thesis_pointcloud/modelnet40_pointnet2_upsampling/datasets/modelnet40_downsampled50_up/pdans_x4/train/night_stand/night_stand_0019.npy,512,2048,4.0,0.0,2048,0,0.0,0.02684451,0.02677686,0.05544502,512,2048,True,False,B,PDANS
/home/woody/iwnt/iwnt189h/thesis_pointcloud/modelnet40_pointnet2_upsampling/datasets/modelnet40_downsampled50/test/table/table_0474.npy,/home/woody/iwnt/iwnt189h/thesis_pointcloud/modelnet40_pointnet2_upsampling/datasets/modelnet40_downsampled50_up/pdans_x4/test/table/table_0474.npy,512,2048,4.0,0.0,2048,0,0.0,0.02407299,0.02399286,0.05076816,512,2048,True,False,B,PDANS
/home/woody/iwnt/iwnt189h/thesis_pointcloud/modelnet40_pointnet2_upsampling/datasets/modelnet40_downsampled50/train/chair/chair_0460.npy,/home/woody/iwnt/iwnt189h/thesis_pointcloud/modelnet40_pointnet2_upsampling/datasets/modelnet40_downsampled50_up/pdans_x4/train/chair/chair_0460.npy,512,2048,4.0,0.0,2048,0,0.0,0.02342737,0.02353873,0.05064983,512,2048,True,False,B,PDANS
/home/woody/iwnt/iwnt189h/thesis_pointcloud/modelnet40_pointnet2_upsampling/datasets/modelnet40_downsampled50/test/keyboard/keyboard_0149.npy,/home/woody/iwnt/iwnt189h/thesis_pointcloud/modelnet40_pointnet2_upsampling/datasets/modelnet40_downsampled50_up/pdans_x4/test/keyboard/keyboard_0149.npy,512,2048,4.0,0.0,2048,0,0.0,0.02666634,0.02845685,0.05191905,512,2048,True,False,B,PDANS
/home/woody/iwnt/iwnt189h/thesis_pointcloud/modelnet40_pointnet2_upsampling/datasets/modelnet40_downsampled50/test/airplane/airplane_0687.npy,/home/woody/iwnt/iwnt189h/thesis_pointcloud/modelnet40_pointnet2_upsampling/datasets/modelnet40_downsampled50_up/pdans_x4/test/airplane/airplane_0687.npy,512,2048,4.0,0.0,2048,0,0.0,0.02092173,0.02075509,0.04407566,512,2048,True,False,B,PDANS
/home/woody/iwnt/iwnt189h/thesis_pointcloud/modelnet40_pointnet2_upsampling/datasets/modelnet40_downsampled50/train/bed/bed_0421.npy,/home/woody/iwnt/iwnt189h/thesis_pointcloud/modelnet40_pointnet2_upsampling/datasets/modelnet40_downsampled50_up/pdans_x4/train/bed/bed_0421.npy,512,2048,4.0,0.0,2048,0,0.0,0.03316397,0.03322306,0.07292202,512,2048,True,False,B,PDANS
/home/woody/iwnt/iwnt189h/thesis_pointcloud/modelnet40_pointnet2_upsampling/datasets/modelnet40_downsampled50/train/tv_stand/tv_stand_0133.npy,/home/woody/iwnt/iwnt189h/thesis_pointcloud/modelnet40_pointnet2_upsampling/datasets/modelnet40_downsampled50_up/pdans_x4/train/tv_stand/tv_stand_0133.npy,512,2048,4.0,0.0,2048,0,0.0,0.03571835,0.03852079,0.07239847,512,2048,True,False,B,PDANS
/home/woody/iwnt/iwnt189h/thesis_pointcloud/modelnet40_pointnet2_upsampling/datasets/modelnet40_downsampled50/test/glass_box/glass_box_0223.npy,/home/woody/iwnt/iwnt189h/thesis_pointcloud/modelnet40_pointnet2_upsampling/datasets/modelnet40_downsampled50_up/pdans_x4/test/glass_box/glass_box_0223.npy,512,2048,4.0,0.0,2048,0,0.0,0.03982694,0.04075853,0.08347037,512,2048,True,False,B,PDANS
/home/woody/iwnt/iwnt189h/thesis_pointcloud/modelnet40_pointnet2_upsampling/datasets/modelnet40_downsampled50/train/bookshelf/bookshelf_0437.npy,/home/woody/iwnt/iwnt189h/thesis_pointcloud/modelnet40_pointnet2_upsampling/datasets/modelnet40_downsampled50_up/pdans_x4/train/bookshelf/bookshelf_0437.npy,512,2048,4.0,0.0,2048,0,0.0,0.03647657,0.03802708,0.07622361,512,2048,True,False,B,PDANS
/home/woody/iwnt/iwnt189h/thesis_pointcloud/modelnet40_pointnet2_upsampling/datasets/modelnet40_downsampled50/train/keyboard/keyboard_0022.npy,/home/woody/iwnt/iwnt189h/thesis_pointcloud/modelnet40_pointnet2_upsampling/datasets/modelnet40_downsampled50_up/pdans_x4/train/keyboard/keyboard_0022.npy,512,2048,4.0,0.0,2048,0,0.0,0.01896175,0.01931316,0.03768479,512,2048,True,False,B,PDANS
/home/woody/iwnt/iwnt189h/thesis_pointcloud/modelnet40_pointnet2_upsampling/datasets/modelnet40_downsampled50/train/table/table_0097.npy,/home/woody/iwnt/iwnt189h/thesis_pointcloud/modelnet40_pointnet2_upsampling/datasets/modelnet40_downsampled50_up/pdans_x4/train/table/table_0097.npy,512,2048,4.0,0.0,2048,0,0.0,0.03048928,0.03133107,0.06398613,512,2048,True,False,B,PDANS
/home/woody/iwnt/iwnt189h/thesis_pointcloud/modelnet40_pointnet2_upsampling/datasets/modelnet40_downsampled50/test/table/table_0478.npy,/home/woody/iwnt/iwnt189h/thesis_pointcloud/modelnet40_pointnet2_upsampling/datasets/modelnet40_downsampled50_up/pdans_x4/test/table/table_0478.npy,512,2048,4.0,0.0,2048,0,0.0,0.02674086,0.02863652,0.05238298,512,2048,True,False,B,PDANS
/home/woody/iwnt/iwnt189h/thesis_pointcloud/modelnet40_pointnet2_upsampling/datasets/modelnet40_downsampled50/train/monitor/monitor_0377.npy,/home/woody/iwnt/iwnt189h/thesis_pointcloud/modelnet40_pointnet2_upsampling/datasets/modelnet40_downsampled50_up/pdans_x4/train/monitor/monitor_0377.npy,512,2048,4.0,0.0,2048,0,0.0,0.03425154,0.03383801,0.07597505,512,2048,True,False,B,PDANS
/home/woody/iwnt/iwnt189h/thesis_pointcloud/modelnet40_pointnet2_upsampling/datasets/modelnet40_downsampled50/test/sofa/sofa_0687.npy,/home/woody/iwnt/iwnt189h/thesis_pointcloud/modelnet40_pointnet2_upsampling/datasets/modelnet40_downsampled50_up/pdans_x4/test/sofa/sofa_0687.npy,512,2048,4.0,0.0,2048,0,0.0,0.03741092,0.04083275,0.0700232,512,2048,True,False,B,PDANS
/home/woody/iwnt/iwnt189h/thesis_pointcloud/modelnet40_pointnet2_upsampling/datasets/modelnet40_downsampled50/train/sink/sink_0121.npy,/home/woody/iwnt/iwnt189h/thesis_pointcloud/modelnet40_pointnet2_upsampling/datasets/modelnet40_downsampled50_up/pdans_x4/train/sink/sink_0121.npy,512,2048,4.0,0.0,2048,0,0.0,0.03348349,0.03282664,0.07494608,512,2048,True,False,B,PDANS
/home/woody/iwnt/iwnt189h/thesis_pointcloud/modelnet40_pointnet2_upsampling/datasets/modelnet40_downsampled50/train/bathtub/bathtub_0052.npy,/home/woody/iwnt/iwnt189h/thesis_pointcloud/modelnet40_pointnet2_upsampling/datasets/modelnet40_downsampled50_up/pdans_x4/train/bathtub/bathtub_0052.npy,512,2048,4.0,0.0,2048,0,0.0,0.0380616,0.04184353,0.07494922,512,2048,True,False,B,PDANS
/home/woody/iwnt/iwnt189h/thesis_pointcloud/modelnet40_pointnet2_upsampling/datasets/modelnet40_downsampled50/train/sofa/sofa_0633.npy,/home/woody/iwnt/iwnt189h/thesis_pointcloud/modelnet40_pointnet2_upsampling/datasets/modelnet40_downsampled50_up/pdans_x4/train/sofa/sofa_0633.npy,512,2048,4.0,0.0,2048,0,0.0,0.03369548,0.03636153,0.06451026,512,2048,True,False,B,PDANS
/home/woody/iwnt/iwnt189h/thesis_pointcloud/modelnet40_pointnet2_upsampling/datasets/modelnet40_downsampled50/train/radio/radio_0028.npy,/home/woody/iwnt/iwnt189h/thesis_pointcloud/modelnet40_pointnet2_upsampling/datasets/modelnet40_downsampled50_up/pdans_x4/train/radio/radio_0028.npy,512,2048,4.0,0.0,2048,0,0.0,0.01372316,0.01385151,0.02817083,512,2048,True,False,B,PDANS
/home/woody/iwnt/iwnt189h/thesis_pointcloud/modelnet40_pointnet2_upsampling/datasets/modelnet40_downsampled50/test/airplane/airplane_0644.npy,/home/woody/iwnt/iwnt189h/thesis_pointcloud/modelnet40_pointnet2_upsampling/datasets/modelnet40_downsampled50_up/pdans_x4/test/airplane/airplane_0644.npy,512,2048,4.0,0.0,2048,0,0.0,0.02226283,0.02178893,0.04831042,512,2048,True,False,B,PDANS
/home/woody/iwnt/iwnt189h/thesis_pointcloud/modelnet40_pointnet2_upsampling/datasets/modelnet40_downsampled50/train/bench/bench_0124.npy,/home/woody/iwnt/iwnt189h/thesis_pointcloud/modelnet40_pointnet2_upsampling/datasets/modelnet40_downsampled50_up/pdans_x4/train/bench/bench_0124.npy,512,2048,4.0,0.0,2048,0,0.0,0.03248791,0.03541182,0.06462649,512,2048,True,False,B,PDANS
/home/woody/iwnt/iwnt189h/thesis_pointcloud/modelnet40_pointnet2_upsampling/datasets/modelnet40_downsampled50/train/monitor/monitor_0321.npy,/home/woody/iwnt/iwnt189h/thesis_pointcloud/modelnet40_pointnet2_upsampling/datasets/modelnet40_downsampled50_up/pdans_x4/train/monitor/monitor_0321.npy,512,2048,4.0,0.0,2048,0,0.0,0.0350805,0.03813288,0.06730396,512,2048,True,False,B,PDANS
/home/woody/iwnt/iwnt189h/thesis_pointcloud/modelnet40_pointnet2_upsampling/datasets/modelnet40_downsampled50/train/bottle/bottle_0092.npy,/home/woody/iwnt/iwnt189h/thesis_pointcloud/modelnet40_pointnet2_upsampling/datasets/modelnet40_downsampled50_up/pdans_x4/train/bottle/bottle_0092.npy,512,2048,4.0,0.0,2048,0,0.0,0.03049013,0.03178767,0.06072129,512,2048,True,False,B,PDANS
/home/woody/iwnt/iwnt189h/thesis_pointcloud/modelnet40_pointnet2_upsampling/datasets/modelnet40_downsampled50/test/cup/cup_0094.npy,/home/woody/iwnt/iwnt189h/thesis_pointcloud/modelnet40_pointnet2_upsampling/datasets/modelnet40_downsampled50_up/pdans_x4/test/cup/cup_0094.npy,512,2048,4.0,0.0,2048,0,0.0,0.04359506,0.04868227,0.08302404,512,2048,True,False,B,PDANS
/home/woody/iwnt/iwnt189h/thesis_pointcloud/modelnet40_pointnet2_upsampling/datasets/modelnet40_downsampled50/train/bench/bench_0166.npy,/home/woody/iwnt/iwnt189h/thesis_pointcloud/modelnet40_pointnet2_upsampling/datasets/modelnet40_downsampled50_up/pdans_x4/train/bench/bench_0166.npy,512,2048,4.0,0.0,2048,0,0.0,0.02564533,0.02497477,0.05482302,512,2048,True,False,B,PDANS
