metric,value
variant,lineB_downsampled_x4_baseline
overall_accuracy,0.908495
class_accuracy,0.873665
best_epoch,124
checkpoint_path,/home/woody/iwnt/iwnt189h/thesis_pointcloud/modelnet40_pointnet2_upsampling/pointnet2_results/x4_two_line_final/lineB_downsampled_x4_baseline/checkpoints/best_model.pth
log_path,/home/woody/iwnt/iwnt189h/thesis_pointcloud/modelnet40_pointnet2_upsampling/pointnet2_results/x4_two_line_final/lineB_downsampled_x4_baseline/train.log

class_idx,class_name,accuracy
0,airplane,1.000000
1,bathtub,0.925000
2,bed,0.991667
3,bench,0.845238
4,bookshelf,0.960556
5,bottle,0.953526
6,bowl,1.000000
7,car,1.000000
8,chair,0.983333
9,cone,0.914141
10,cup,0.554945
11,curtain,1.000000
12,desk,0.874306
13,door,0.750000
14,dresser,0.833333
15,flower_pot,0.027778
16,glass_box,0.923485
17,guitar,1.000000
18,keyboard,1.000000
19,lamp,0.916667
20,laptop,1.000000
21,mantel,0.972222
22,monitor,0.964646
23,night_stand,0.823298
24,person,1.000000
25,piano,0.913333
26,plant,0.866667
27,radio,0.700000
28,range_hood,0.916063
29,sink,0.894737
30,sofa,0.950000
31,stairs,0.850000
32,stool,0.750000
33,table,0.833333
34,tent,1.000000
35,toilet,1.000000
36,tv_stand,0.800000
37,vase,0.858333
38,wardrobe,0.700000
39,xbox,0.700000
