line,method,geometry_quality,spearman_rho,bootstrap_ci_low,bootstrap_ci_high,categories
A,EAR,cd,-0.15238261927232727,-0.4717434343000641,0.2007538428745556,40
A,EAR,hd,-0.14775924568449814,-0.43509570074278847,0.14623279390699165,40
A,EAR,nuc_abs_dev,-0.01877655804036726,-0.3257529545034416,0.30425224100101295,40
A,PDANS,cd,-0.15967321583117425,-0.45818339996977503,0.1843270888193845,40
A,PDANS,hd,-0.06663231902548708,-0.3560298699119023,0.23322982195925124,40
A,PDANS,nuc_abs_dev,0.028852076080147438,-0.29207651662359735,0.35311228072920703,40
A,PU-Net,cd,0.020403420221746148,-0.31421282318650157,0.36245538135617306,40
A,PU-Net,hd,0.024258444318942425,-0.2945857329512342,0.3487908417992638,40
A,PU-Net,nuc_abs_dev,0.0501153132635516,-0.2667647785156183,0.34681412008623563,40
A,PU-GCN,cd,-0.14788038706430195,-0.45812247223994335,0.17849135153976467,40
A,PU-GCN,hd,-0.1882114017182025,-0.4890676465596378,0.14981566430056031,40
A,PU-GCN,nuc_abs_dev,-0.08996918653562426,-0.4197889131688631,0.24752146796442798,40
A,PU-EdgeFormer,cd,-0.3035105579718131,-0.5600516840045533,-0.0154720189639345,40
A,PU-EdgeFormer,hd,-0.2899626595378574,-0.5623129306361482,0.03069581131442758,40
A,PU-EdgeFormer,nuc_abs_dev,-0.2432976760431211,-0.5531972541010726,0.08916680517935184,40
B,EAR,cd,0.08090099078806734,-0.24789566223332965,0.4087170458686811,40
B,EAR,hd,0.12186947855618059,-0.2041950831163782,0.4436864275523615,40
B,EAR,nuc_abs_dev,0.23535689869543688,-0.08503101019236045,0.5185179831763973,40
B,PDANS,cd,-0.11307640644914504,-0.4178534152447042,0.21411488121514244,40
B,PDANS,hd,0.05002370882443255,-0.2669025753551966,0.3671428299235004,40
B,PDANS,nuc_abs_dev,-0.17983808628707595,-0.45783153292895074,0.14122465660385186,40
B,PU-Net,cd,0.02997385489817664,-0.2870923248242921,0.34186187286288233,40
B,PU-Net,hd,0.05204463551451891,-0.2474673104261328,0.3568040535752885,40
B,PU-Net,nuc_abs_dev,-0.05040619328535814,-0.3723256057993652,0.2820179563669549,40
B,PU-GCN,cd,-0.09804646478642402,-0.39376186533872964,0.22612549946203303,40
B,PU-GCN,hd,0.06169109936129466,-0.2656595596683633,0.37829622239991473,40
B,PU-GCN,nuc_abs_dev,-0.12762051852603706,-0.42051857685589733,0.20080766142023052,40
B,PU-EdgeFormer,cd,-0.1377641993240583,-0.44354381559056777,0.1890992793625001,40
B,PU-EdgeFormer,hd,0.002830771218987499,-0.347471305297276,0.37360801663220944,40
B,PU-EdgeFormer,nuc_abs_dev,-0.06284312106152248,-0.3911962182554225,0.28237795537760946,40
