line,method,mean_delta_pp,median_delta_pp,q25_delta_pp,q75_delta_pp,classes_improved,classes_unchanged,classes_worsened,largest_gain_class,largest_gain_pp,largest_loss_class,largest_loss_pp
A,EAR,0.19224250000000076,0.0,-1.9799499999999943,3.399325,16,9,15,stool,15.625,curtain,-22.619
A,PDANS,0.43837500000000046,0.0,-1.6249999999999987,3.688549999999996,16,6,18,xbox,19.999999999999996,curtain,-19.0476
A,PU-Net,-0.5373874999999992,0.0,-2.517375000000002,5.000000000000004,15,6,19,door,12.5,curtain,-22.619
A,PU-GCN,-0.26419999999999916,0.0,-2.9166749999999992,4.999999999999996,18,5,17,piano,10.333400000000005,person,-15.625
A,PU-EdgeFormer,-1.6553250000000002,0.0,-4.350974999999996,2.5694250000000003,17,7,16,piano,11.166699999999995,curtain,-22.619
B,EAR,-2.8628399999999994,-1.497599999999999,-7.042724999999994,0.0,8,8,24,xbox,15.000000000000002,sink,-19.473700000000004
B,PDANS,-1.16981,0.0,-3.125,0.03090000000000037,10,12,18,cup,14.505499999999994,sink,-19.473700000000004
B,PU-Net,0.4896275000000007,0.0,-0.20834999999999881,2.433050000000006,15,15,10,door,25.0,curtain,-22.619
B,PU-GCN,-0.9609249999999996,0.0,-4.121374999999996,1.406224999999997,13,8,19,flower_pot,11.111100000000002,bench,-16.666700000000002
B,PU-EdgeFormer,-2.1527524999999996,-0.34720000000000306,-4.333349999999999,0.8270500000000014,11,9,20,door,15.625,curtain,-22.619
