line,method,class_idx,class_name,n_test,accuracy,source_file
A,Original,0,airplane,100,1.0,pointnet2_results/x4_two_line_final/lineA_original_baseline/lineA_original_baseline_result.csv
A,Original,1,bathtub,50,0.952778,pointnet2_results/x4_two_line_final/lineA_original_baseline/lineA_original_baseline_result.csv
A,Original,2,bed,100,0.991667,pointnet2_results/x4_two_line_final/lineA_original_baseline/lineA_original_baseline_result.csv
A,Original,3,bench,20,0.72619,pointnet2_results/x4_two_line_final/lineA_original_baseline/lineA_original_baseline_result.csv
A,Original,4,bookshelf,100,0.949444,pointnet2_results/x4_two_line_final/lineA_original_baseline/lineA_original_baseline_result.csv
A,Original,5,bottle,100,0.980235,pointnet2_results/x4_two_line_final/lineA_original_baseline/lineA_original_baseline_result.csv
A,Original,6,bowl,20,0.944444,pointnet2_results/x4_two_line_final/lineA_original_baseline/lineA_original_baseline_result.csv
A,Original,7,car,100,1.0,pointnet2_results/x4_two_line_final/lineA_original_baseline/lineA_original_baseline_result.csv
A,Original,8,chair,100,0.971667,pointnet2_results/x4_two_line_final/lineA_original_baseline/lineA_original_baseline_result.csv
A,Original,9,cone,20,0.797619,pointnet2_results/x4_two_line_final/lineA_original_baseline/lineA_original_baseline_result.csv
A,Original,10,cup,20,0.75,pointnet2_results/x4_two_line_final/lineA_original_baseline/lineA_original_baseline_result.csv
A,Original,11,curtain,20,1.0,pointnet2_results/x4_two_line_final/lineA_original_baseline/lineA_original_baseline_result.csv
A,Original,12,desk,86,0.921528,pointnet2_results/x4_two_line_final/lineA_original_baseline/lineA_original_baseline_result.csv
A,Original,13,door,20,0.84375,pointnet2_results/x4_two_line_final/lineA_original_baseline/lineA_original_baseline_result.csv
A,Original,14,dresser,86,0.866667,pointnet2_results/x4_two_line_final/lineA_original_baseline/lineA_original_baseline_result.csv
A,Original,15,flower_pot,20,0.037037,pointnet2_results/x4_two_line_final/lineA_original_baseline/lineA_original_baseline_result.csv
A,Original,16,glass_box,100,0.917609,pointnet2_results/x4_two_line_final/lineA_original_baseline/lineA_original_baseline_result.csv
A,Original,17,guitar,100,0.991667,pointnet2_results/x4_two_line_final/lineA_original_baseline/lineA_original_baseline_result.csv
A,Original,18,keyboard,20,1.0,pointnet2_results/x4_two_line_final/lineA_original_baseline/lineA_original_baseline_result.csv
A,Original,19,lamp,20,0.916667,pointnet2_results/x4_two_line_final/lineA_original_baseline/lineA_original_baseline_result.csv
A,Original,20,laptop,20,0.95,pointnet2_results/x4_two_line_final/lineA_original_baseline/lineA_original_baseline_result.csv
A,Original,21,mantel,100,0.972222,pointnet2_results/x4_two_line_final/lineA_original_baseline/lineA_original_baseline_result.csv
A,Original,22,monitor,100,0.991667,pointnet2_results/x4_two_line_final/lineA_original_baseline/lineA_original_baseline_result.csv
A,Original,23,night_stand,86,0.834028,pointnet2_results/x4_two_line_final/lineA_original_baseline/lineA_original_baseline_result.csv
A,Original,24,person,20,1.0,pointnet2_results/x4_two_line_final/lineA_original_baseline/lineA_original_baseline_result.csv
A,Original,25,piano,100,0.828333,pointnet2_results/x4_two_line_final/lineA_original_baseline/lineA_original_baseline_result.csv
A,Original,26,plant,100,0.866667,pointnet2_results/x4_two_line_final/lineA_original_baseline/lineA_original_baseline_result.csv
A,Original,27,radio,20,0.7,pointnet2_results/x4_two_line_final/lineA_original_baseline/lineA_original_baseline_result.csv
A,Original,28,range_hood,100,0.941667,pointnet2_results/x4_two_line_final/lineA_original_baseline/lineA_original_baseline_result.csv
A,Original,29,sink,20,0.8,pointnet2_results/x4_two_line_final/lineA_original_baseline/lineA_original_baseline_result.csv
A,Original,30,sofa,100,0.95,pointnet2_results/x4_two_line_final/lineA_original_baseline/lineA_original_baseline_result.csv
A,Original,31,stairs,20,0.85,pointnet2_results/x4_two_line_final/lineA_original_baseline/lineA_original_baseline_result.csv
A,Original,32,stool,20,0.78125,pointnet2_results/x4_two_line_final/lineA_original_baseline/lineA_original_baseline_result.csv
A,Original,33,table,100,0.898333,pointnet2_results/x4_two_line_final/lineA_original_baseline/lineA_original_baseline_result.csv
A,Original,34,tent,20,0.96875,pointnet2_results/x4_two_line_final/lineA_original_baseline/lineA_original_baseline_result.csv
A,Original,35,toilet,100,1.0,pointnet2_results/x4_two_line_final/lineA_original_baseline/lineA_original_baseline_result.csv
A,Original,36,tv_stand,100,0.9,pointnet2_results/x4_two_line_final/lineA_original_baseline/lineA_original_baseline_result.csv
A,Original,37,vase,100,0.758333,pointnet2_results/x4_two_line_final/lineA_original_baseline/lineA_original_baseline_result.csv
A,Original,38,wardrobe,20,0.9,pointnet2_results/x4_two_line_final/lineA_original_baseline/lineA_original_baseline_result.csv
A,Original,39,xbox,20,0.75,pointnet2_results/x4_two_line_final/lineA_original_baseline/lineA_original_baseline_result.csv
A,Mesh-ref 4096,0,airplane,100,1.0,pointnet2_results/x4_two_line_final/mesh_ref_baseline_4096/mesh_ref_baseline_4096_result.csv
A,Mesh-ref 4096,1,bathtub,50,0.969444,pointnet2_results/x4_two_line_final/mesh_ref_baseline_4096/mesh_ref_baseline_4096_result.csv
A,Mesh-ref 4096,2,bed,100,0.991667,pointnet2_results/x4_two_line_final/mesh_ref_baseline_4096/mesh_ref_baseline_4096_result.csv
A,Mesh-ref 4096,3,bench,20,0.77381,pointnet2_results/x4_two_line_final/mesh_ref_baseline_4096/mesh_ref_baseline_4096_result.csv
A,Mesh-ref 4096,4,bookshelf,100,0.980556,pointnet2_results/x4_two_line_final/mesh_ref_baseline_4096/mesh_ref_baseline_4096_result.csv
A,Mesh-ref 4096,5,bottle,100,0.786859,pointnet2_results/x4_two_line_final/mesh_ref_baseline_4096/mesh_ref_baseline_4096_result.csv
A,Mesh-ref 4096,6,bowl,20,1.0,pointnet2_results/x4_two_line_final/mesh_ref_baseline_4096/mesh_ref_baseline_4096_result.csv
A,Mesh-ref 4096,7,car,100,0.975,pointnet2_results/x4_two_line_final/mesh_ref_baseline_4096/mesh_ref_baseline_4096_result.csv
A,Mesh-ref 4096,8,chair,100,0.983333,pointnet2_results/x4_two_line_final/mesh_ref_baseline_4096/mesh_ref_baseline_4096_result.csv
A,Mesh-ref 4096,9,cone,20,0.833333,pointnet2_results/x4_two_line_final/mesh_ref_baseline_4096/mesh_ref_baseline_4096_result.csv
A,Mesh-ref 4096,10,cup,20,0.6,pointnet2_results/x4_two_line_final/mesh_ref_baseline_4096/mesh_ref_baseline_4096_result.csv
A,Mesh-ref 4096,11,curtain,20,0.964286,pointnet2_results/x4_two_line_final/mesh_ref_baseline_4096/mesh_ref_baseline_4096_result.csv
A,Mesh-ref 4096,12,desk,86,0.919444,pointnet2_results/x4_two_line_final/mesh_ref_baseline_4096/mesh_ref_baseline_4096_result.csv
A,Mesh-ref 4096,13,door,20,0.8125,pointnet2_results/x4_two_line_final/mesh_ref_baseline_4096/mesh_ref_baseline_4096_result.csv
A,Mesh-ref 4096,14,dresser,86,0.858333,pointnet2_results/x4_two_line_final/mesh_ref_baseline_4096/mesh_ref_baseline_4096_result.csv
A,Mesh-ref 4096,15,flower_pot,20,0.37037,pointnet2_results/x4_two_line_final/mesh_ref_baseline_4096/mesh_ref_baseline_4096_result.csv
A,Mesh-ref 4096,16,glass_box,100,0.934275,pointnet2_results/x4_two_line_final/mesh_ref_baseline_4096/mesh_ref_baseline_4096_result.csv
A,Mesh-ref 4096,17,guitar,100,1.0,pointnet2_results/x4_two_line_final/mesh_ref_baseline_4096/mesh_ref_baseline_4096_result.csv
A,Mesh-ref 4096,18,keyboard,20,1.0,pointnet2_results/x4_two_line_final/mesh_ref_baseline_4096/mesh_ref_baseline_4096_result.csv
A,Mesh-ref 4096,19,lamp,20,0.916667,pointnet2_results/x4_two_line_final/mesh_ref_baseline_4096/mesh_ref_baseline_4096_result.csv
A,Mesh-ref 4096,20,laptop,20,1.0,pointnet2_results/x4_two_line_final/mesh_ref_baseline_4096/mesh_ref_baseline_4096_result.csv
A,Mesh-ref 4096,21,mantel,100,0.986111,pointnet2_results/x4_two_line_final/mesh_ref_baseline_4096/mesh_ref_baseline_4096_result.csv
A,Mesh-ref 4096,22,monitor,100,0.991667,pointnet2_results/x4_two_line_final/mesh_ref_baseline_4096/mesh_ref_baseline_4096_result.csv
A,Mesh-ref 4096,23,night_stand,86,0.791667,pointnet2_results/x4_two_line_final/mesh_ref_baseline_4096/mesh_ref_baseline_4096_result.csv
A,Mesh-ref 4096,24,person,20,0.875,pointnet2_results/x4_two_line_final/mesh_ref_baseline_4096/mesh_ref_baseline_4096_result.csv
A,Mesh-ref 4096,25,piano,100,0.898333,pointnet2_results/x4_two_line_final/mesh_ref_baseline_4096/mesh_ref_baseline_4096_result.csv
A,Mesh-ref 4096,26,plant,100,0.816667,pointnet2_results/x4_two_line_final/mesh_ref_baseline_4096/mesh_ref_baseline_4096_result.csv
A,Mesh-ref 4096,27,radio,20,0.8,pointnet2_results/x4_two_line_final/mesh_ref_baseline_4096/mesh_ref_baseline_4096_result.csv
A,Mesh-ref 4096,28,range_hood,100,0.958333,pointnet2_results/x4_two_line_final/mesh_ref_baseline_4096/mesh_ref_baseline_4096_result.csv
A,Mesh-ref 4096,29,sink,20,0.95,pointnet2_results/x4_two_line_final/mesh_ref_baseline_4096/mesh_ref_baseline_4096_result.csv
A,Mesh-ref 4096,30,sofa,100,0.95,pointnet2_results/x4_two_line_final/mesh_ref_baseline_4096/mesh_ref_baseline_4096_result.csv
A,Mesh-ref 4096,31,stairs,20,0.95,pointnet2_results/x4_two_line_final/mesh_ref_baseline_4096/mesh_ref_baseline_4096_result.csv
A,Mesh-ref 4096,32,stool,20,0.84375,pointnet2_results/x4_two_line_final/mesh_ref_baseline_4096/mesh_ref_baseline_4096_result.csv
A,Mesh-ref 4096,33,table,100,0.83,pointnet2_results/x4_two_line_final/mesh_ref_baseline_4096/mesh_ref_baseline_4096_result.csv
A,Mesh-ref 4096,34,tent,20,0.96875,pointnet2_results/x4_two_line_final/mesh_ref_baseline_4096/mesh_ref_baseline_4096_result.csv
A,Mesh-ref 4096,35,toilet,100,1.0,pointnet2_results/x4_two_line_final/mesh_ref_baseline_4096/mesh_ref_baseline_4096_result.csv
A,Mesh-ref 4096,36,tv_stand,100,0.916667,pointnet2_results/x4_two_line_final/mesh_ref_baseline_4096/mesh_ref_baseline_4096_result.csv
A,Mesh-ref 4096,37,vase,100,0.783333,pointnet2_results/x4_two_line_final/mesh_ref_baseline_4096/mesh_ref_baseline_4096_result.csv
A,Mesh-ref 4096,38,wardrobe,20,0.7,pointnet2_results/x4_two_line_final/mesh_ref_baseline_4096/mesh_ref_baseline_4096_result.csv
A,Mesh-ref 4096,39,xbox,20,0.8,pointnet2_results/x4_two_line_final/mesh_ref_baseline_4096/mesh_ref_baseline_4096_result.csv
B,Original,0,airplane,100,1.0,pointnet2_results/x4_two_line_final/lineA_original_baseline/lineA_original_baseline_result.csv
B,Original,1,bathtub,50,0.952778,pointnet2_results/x4_two_line_final/lineA_original_baseline/lineA_original_baseline_result.csv
B,Original,2,bed,100,0.991667,pointnet2_results/x4_two_line_final/lineA_original_baseline/lineA_original_baseline_result.csv
B,Original,3,bench,20,0.72619,pointnet2_results/x4_two_line_final/lineA_original_baseline/lineA_original_baseline_result.csv
B,Original,4,bookshelf,100,0.949444,pointnet2_results/x4_two_line_final/lineA_original_baseline/lineA_original_baseline_result.csv
B,Original,5,bottle,100,0.980235,pointnet2_results/x4_two_line_final/lineA_original_baseline/lineA_original_baseline_result.csv
B,Original,6,bowl,20,0.944444,pointnet2_results/x4_two_line_final/lineA_original_baseline/lineA_original_baseline_result.csv
B,Original,7,car,100,1.0,pointnet2_results/x4_two_line_final/lineA_original_baseline/lineA_original_baseline_result.csv
B,Original,8,chair,100,0.971667,pointnet2_results/x4_two_line_final/lineA_original_baseline/lineA_original_baseline_result.csv
B,Original,9,cone,20,0.797619,pointnet2_results/x4_two_line_final/lineA_original_baseline/lineA_original_baseline_result.csv
B,Original,10,cup,20,0.75,pointnet2_results/x4_two_line_final/lineA_original_baseline/lineA_original_baseline_result.csv
B,Original,11,curtain,20,1.0,pointnet2_results/x4_two_line_final/lineA_original_baseline/lineA_original_baseline_result.csv
B,Original,12,desk,86,0.921528,pointnet2_results/x4_two_line_final/lineA_original_baseline/lineA_original_baseline_result.csv
B,Original,13,door,20,0.84375,pointnet2_results/x4_two_line_final/lineA_original_baseline/lineA_original_baseline_result.csv
B,Original,14,dresser,86,0.866667,pointnet2_results/x4_two_line_final/lineA_original_baseline/lineA_original_baseline_result.csv
B,Original,15,flower_pot,20,0.037037,pointnet2_results/x4_two_line_final/lineA_original_baseline/lineA_original_baseline_result.csv
B,Original,16,glass_box,100,0.917609,pointnet2_results/x4_two_line_final/lineA_original_baseline/lineA_original_baseline_result.csv
B,Original,17,guitar,100,0.991667,pointnet2_results/x4_two_line_final/lineA_original_baseline/lineA_original_baseline_result.csv
B,Original,18,keyboard,20,1.0,pointnet2_results/x4_two_line_final/lineA_original_baseline/lineA_original_baseline_result.csv
B,Original,19,lamp,20,0.916667,pointnet2_results/x4_two_line_final/lineA_original_baseline/lineA_original_baseline_result.csv
B,Original,20,laptop,20,0.95,pointnet2_results/x4_two_line_final/lineA_original_baseline/lineA_original_baseline_result.csv
B,Original,21,mantel,100,0.972222,pointnet2_results/x4_two_line_final/lineA_original_baseline/lineA_original_baseline_result.csv
B,Original,22,monitor,100,0.991667,pointnet2_results/x4_two_line_final/lineA_original_baseline/lineA_original_baseline_result.csv
B,Original,23,night_stand,86,0.834028,pointnet2_results/x4_two_line_final/lineA_original_baseline/lineA_original_baseline_result.csv
B,Original,24,person,20,1.0,pointnet2_results/x4_two_line_final/lineA_original_baseline/lineA_original_baseline_result.csv
B,Original,25,piano,100,0.828333,pointnet2_results/x4_two_line_final/lineA_original_baseline/lineA_original_baseline_result.csv
B,Original,26,plant,100,0.866667,pointnet2_results/x4_two_line_final/lineA_original_baseline/lineA_original_baseline_result.csv
B,Original,27,radio,20,0.7,pointnet2_results/x4_two_line_final/lineA_original_baseline/lineA_original_baseline_result.csv
B,Original,28,range_hood,100,0.941667,pointnet2_results/x4_two_line_final/lineA_original_baseline/lineA_original_baseline_result.csv
B,Original,29,sink,20,0.8,pointnet2_results/x4_two_line_final/lineA_original_baseline/lineA_original_baseline_result.csv
B,Original,30,sofa,100,0.95,pointnet2_results/x4_two_line_final/lineA_original_baseline/lineA_original_baseline_result.csv
B,Original,31,stairs,20,0.85,pointnet2_results/x4_two_line_final/lineA_original_baseline/lineA_original_baseline_result.csv
B,Original,32,stool,20,0.78125,pointnet2_results/x4_two_line_final/lineA_original_baseline/lineA_original_baseline_result.csv
B,Original,33,table,100,0.898333,pointnet2_results/x4_two_line_final/lineA_original_baseline/lineA_original_baseline_result.csv
B,Original,34,tent,20,0.96875,pointnet2_results/x4_two_line_final/lineA_original_baseline/lineA_original_baseline_result.csv
B,Original,35,toilet,100,1.0,pointnet2_results/x4_two_line_final/lineA_original_baseline/lineA_original_baseline_result.csv
B,Original,36,tv_stand,100,0.9,pointnet2_results/x4_two_line_final/lineA_original_baseline/lineA_original_baseline_result.csv
B,Original,37,vase,100,0.758333,pointnet2_results/x4_two_line_final/lineA_original_baseline/lineA_original_baseline_result.csv
B,Original,38,wardrobe,20,0.9,pointnet2_results/x4_two_line_final/lineA_original_baseline/lineA_original_baseline_result.csv
B,Original,39,xbox,20,0.75,pointnet2_results/x4_two_line_final/lineA_original_baseline/lineA_original_baseline_result.csv
B,Downsampled x4,0,airplane,100,1.0,pointnet2_results/x4_two_line_final/lineB_downsampled_x4_baseline/lineB_downsampled_x4_baseline_result.csv
B,Downsampled x4,1,bathtub,50,0.925,pointnet2_results/x4_two_line_final/lineB_downsampled_x4_baseline/lineB_downsampled_x4_baseline_result.csv
B,Downsampled x4,2,bed,100,0.991667,pointnet2_results/x4_two_line_final/lineB_downsampled_x4_baseline/lineB_downsampled_x4_baseline_result.csv
B,Downsampled x4,3,bench,20,0.845238,pointnet2_results/x4_two_line_final/lineB_downsampled_x4_baseline/lineB_downsampled_x4_baseline_result.csv
B,Downsampled x4,4,bookshelf,100,0.960556,pointnet2_results/x4_two_line_final/lineB_downsampled_x4_baseline/lineB_downsampled_x4_baseline_result.csv
B,Downsampled x4,5,bottle,100,0.953526,pointnet2_results/x4_two_line_final/lineB_downsampled_x4_baseline/lineB_downsampled_x4_baseline_result.csv
B,Downsampled x4,6,bowl,20,1.0,pointnet2_results/x4_two_line_final/lineB_downsampled_x4_baseline/lineB_downsampled_x4_baseline_result.csv
B,Downsampled x4,7,car,100,1.0,pointnet2_results/x4_two_line_final/lineB_downsampled_x4_baseline/lineB_downsampled_x4_baseline_result.csv
B,Downsampled x4,8,chair,100,0.983333,pointnet2_results/x4_two_line_final/lineB_downsampled_x4_baseline/lineB_downsampled_x4_baseline_result.csv
B,Downsampled x4,9,cone,20,0.914141,pointnet2_results/x4_two_line_final/lineB_downsampled_x4_baseline/lineB_downsampled_x4_baseline_result.csv
B,Downsampled x4,10,cup,20,0.554945,pointnet2_results/x4_two_line_final/lineB_downsampled_x4_baseline/lineB_downsampled_x4_baseline_result.csv
B,Downsampled x4,11,curtain,20,1.0,pointnet2_results/x4_two_line_final/lineB_downsampled_x4_baseline/lineB_downsampled_x4_baseline_result.csv
B,Downsampled x4,12,desk,86,0.874306,pointnet2_results/x4_two_line_final/lineB_downsampled_x4_baseline/lineB_downsampled_x4_baseline_result.csv
B,Downsampled x4,13,door,20,0.75,pointnet2_results/x4_two_line_final/lineB_downsampled_x4_baseline/lineB_downsampled_x4_baseline_result.csv
B,Downsampled x4,14,dresser,86,0.833333,pointnet2_results/x4_two_line_final/lineB_downsampled_x4_baseline/lineB_downsampled_x4_baseline_result.csv
B,Downsampled x4,15,flower_pot,20,0.027778,pointnet2_results/x4_two_line_final/lineB_downsampled_x4_baseline/lineB_downsampled_x4_baseline_result.csv
B,Downsampled x4,16,glass_box,100,0.923485,pointnet2_results/x4_two_line_final/lineB_downsampled_x4_baseline/lineB_downsampled_x4_baseline_result.csv
B,Downsampled x4,17,guitar,100,1.0,pointnet2_results/x4_two_line_final/lineB_downsampled_x4_baseline/lineB_downsampled_x4_baseline_result.csv
B,Downsampled x4,18,keyboard,20,1.0,pointnet2_results/x4_two_line_final/lineB_downsampled_x4_baseline/lineB_downsampled_x4_baseline_result.csv
B,Downsampled x4,19,lamp,20,0.916667,pointnet2_results/x4_two_line_final/lineB_downsampled_x4_baseline/lineB_downsampled_x4_baseline_result.csv
B,Downsampled x4,20,laptop,20,1.0,pointnet2_results/x4_two_line_final/lineB_downsampled_x4_baseline/lineB_downsampled_x4_baseline_result.csv
B,Downsampled x4,21,mantel,100,0.972222,pointnet2_results/x4_two_line_final/lineB_downsampled_x4_baseline/lineB_downsampled_x4_baseline_result.csv
B,Downsampled x4,22,monitor,100,0.964646,pointnet2_results/x4_two_line_final/lineB_downsampled_x4_baseline/lineB_downsampled_x4_baseline_result.csv
B,Downsampled x4,23,night_stand,86,0.823298,pointnet2_results/x4_two_line_final/lineB_downsampled_x4_baseline/lineB_downsampled_x4_baseline_result.csv
B,Downsampled x4,24,person,20,1.0,pointnet2_results/x4_two_line_final/lineB_downsampled_x4_baseline/lineB_downsampled_x4_baseline_result.csv
B,Downsampled x4,25,piano,100,0.913333,pointnet2_results/x4_two_line_final/lineB_downsampled_x4_baseline/lineB_downsampled_x4_baseline_result.csv
B,Downsampled x4,26,plant,100,0.866667,pointnet2_results/x4_two_line_final/lineB_downsampled_x4_baseline/lineB_downsampled_x4_baseline_result.csv
B,Downsampled x4,27,radio,20,0.7,pointnet2_results/x4_two_line_final/lineB_downsampled_x4_baseline/lineB_downsampled_x4_baseline_result.csv
B,Downsampled x4,28,range_hood,100,0.916063,pointnet2_results/x4_two_line_final/lineB_downsampled_x4_baseline/lineB_downsampled_x4_baseline_result.csv
B,Downsampled x4,29,sink,20,0.894737,pointnet2_results/x4_two_line_final/lineB_downsampled_x4_baseline/lineB_downsampled_x4_baseline_result.csv
B,Downsampled x4,30,sofa,100,0.95,pointnet2_results/x4_two_line_final/lineB_downsampled_x4_baseline/lineB_downsampled_x4_baseline_result.csv
B,Downsampled x4,31,stairs,20,0.85,pointnet2_results/x4_two_line_final/lineB_downsampled_x4_baseline/lineB_downsampled_x4_baseline_result.csv
B,Downsampled x4,32,stool,20,0.75,pointnet2_results/x4_two_line_final/lineB_downsampled_x4_baseline/lineB_downsampled_x4_baseline_result.csv
B,Downsampled x4,33,table,100,0.833333,pointnet2_results/x4_two_line_final/lineB_downsampled_x4_baseline/lineB_downsampled_x4_baseline_result.csv
B,Downsampled x4,34,tent,20,1.0,pointnet2_results/x4_two_line_final/lineB_downsampled_x4_baseline/lineB_downsampled_x4_baseline_result.csv
B,Downsampled x4,35,toilet,100,1.0,pointnet2_results/x4_two_line_final/lineB_downsampled_x4_baseline/lineB_downsampled_x4_baseline_result.csv
B,Downsampled x4,36,tv_stand,100,0.8,pointnet2_results/x4_two_line_final/lineB_downsampled_x4_baseline/lineB_downsampled_x4_baseline_result.csv
B,Downsampled x4,37,vase,100,0.858333,pointnet2_results/x4_two_line_final/lineB_downsampled_x4_baseline/lineB_downsampled_x4_baseline_result.csv
B,Downsampled x4,38,wardrobe,20,0.7,pointnet2_results/x4_two_line_final/lineB_downsampled_x4_baseline/lineB_downsampled_x4_baseline_result.csv
B,Downsampled x4,39,xbox,20,0.7,pointnet2_results/x4_two_line_final/lineB_downsampled_x4_baseline/lineB_downsampled_x4_baseline_result.csv
B,Mesh-ref 256,0,airplane,100,1.0,pointnet2_results/x4_two_line_final/mesh_ref_baseline_256/mesh_ref_baseline_256_result.csv
B,Mesh-ref 256,1,bathtub,50,0.922222,pointnet2_results/x4_two_line_final/mesh_ref_baseline_256/mesh_ref_baseline_256_result.csv
B,Mesh-ref 256,2,bed,100,0.983333,pointnet2_results/x4_two_line_final/mesh_ref_baseline_256/mesh_ref_baseline_256_result.csv
B,Mesh-ref 256,3,bench,20,0.892857,pointnet2_results/x4_two_line_final/mesh_ref_baseline_256/mesh_ref_baseline_256_result.csv
B,Mesh-ref 256,4,bookshelf,100,0.977778,pointnet2_results/x4_two_line_final/mesh_ref_baseline_256/mesh_ref_baseline_256_result.csv
B,Mesh-ref 256,5,bottle,100,0.973291,pointnet2_results/x4_two_line_final/mesh_ref_baseline_256/mesh_ref_baseline_256_result.csv
B,Mesh-ref 256,6,bowl,20,0.944444,pointnet2_results/x4_two_line_final/mesh_ref_baseline_256/mesh_ref_baseline_256_result.csv
B,Mesh-ref 256,7,car,100,0.991667,pointnet2_results/x4_two_line_final/mesh_ref_baseline_256/mesh_ref_baseline_256_result.csv
B,Mesh-ref 256,8,chair,100,0.975,pointnet2_results/x4_two_line_final/mesh_ref_baseline_256/mesh_ref_baseline_256_result.csv
B,Mesh-ref 256,9,cone,20,0.880952,pointnet2_results/x4_two_line_final/mesh_ref_baseline_256/mesh_ref_baseline_256_result.csv
B,Mesh-ref 256,10,cup,20,0.7,pointnet2_results/x4_two_line_final/mesh_ref_baseline_256/mesh_ref_baseline_256_result.csv
B,Mesh-ref 256,11,curtain,20,0.964286,pointnet2_results/x4_two_line_final/mesh_ref_baseline_256/mesh_ref_baseline_256_result.csv
B,Mesh-ref 256,12,desk,86,0.855556,pointnet2_results/x4_two_line_final/mesh_ref_baseline_256/mesh_ref_baseline_256_result.csv
B,Mesh-ref 256,13,door,20,0.84375,pointnet2_results/x4_two_line_final/mesh_ref_baseline_256/mesh_ref_baseline_256_result.csv
B,Mesh-ref 256,14,dresser,86,0.833333,pointnet2_results/x4_two_line_final/mesh_ref_baseline_256/mesh_ref_baseline_256_result.csv
B,Mesh-ref 256,15,flower_pot,20,0.037037,pointnet2_results/x4_two_line_final/mesh_ref_baseline_256/mesh_ref_baseline_256_result.csv
B,Mesh-ref 256,16,glass_box,100,0.965942,pointnet2_results/x4_two_line_final/mesh_ref_baseline_256/mesh_ref_baseline_256_result.csv
B,Mesh-ref 256,17,guitar,100,0.983333,pointnet2_results/x4_two_line_final/mesh_ref_baseline_256/mesh_ref_baseline_256_result.csv
B,Mesh-ref 256,18,keyboard,20,1.0,pointnet2_results/x4_two_line_final/mesh_ref_baseline_256/mesh_ref_baseline_256_result.csv
B,Mesh-ref 256,19,lamp,20,0.694444,pointnet2_results/x4_two_line_final/mesh_ref_baseline_256/mesh_ref_baseline_256_result.csv
B,Mesh-ref 256,20,laptop,20,1.0,pointnet2_results/x4_two_line_final/mesh_ref_baseline_256/mesh_ref_baseline_256_result.csv
B,Mesh-ref 256,21,mantel,100,0.965278,pointnet2_results/x4_two_line_final/mesh_ref_baseline_256/mesh_ref_baseline_256_result.csv
B,Mesh-ref 256,22,monitor,100,0.975,pointnet2_results/x4_two_line_final/mesh_ref_baseline_256/mesh_ref_baseline_256_result.csv
B,Mesh-ref 256,23,night_stand,86,0.794444,pointnet2_results/x4_two_line_final/mesh_ref_baseline_256/mesh_ref_baseline_256_result.csv
B,Mesh-ref 256,24,person,20,0.875,pointnet2_results/x4_two_line_final/mesh_ref_baseline_256/mesh_ref_baseline_256_result.csv
B,Mesh-ref 256,25,piano,100,0.913333,pointnet2_results/x4_two_line_final/mesh_ref_baseline_256/mesh_ref_baseline_256_result.csv
B,Mesh-ref 256,26,plant,100,0.891667,pointnet2_results/x4_two_line_final/mesh_ref_baseline_256/mesh_ref_baseline_256_result.csv
B,Mesh-ref 256,27,radio,20,0.6,pointnet2_results/x4_two_line_final/mesh_ref_baseline_256/mesh_ref_baseline_256_result.csv
B,Mesh-ref 256,28,range_hood,100,0.941667,pointnet2_results/x4_two_line_final/mesh_ref_baseline_256/mesh_ref_baseline_256_result.csv
B,Mesh-ref 256,29,sink,20,0.7,pointnet2_results/x4_two_line_final/mesh_ref_baseline_256/mesh_ref_baseline_256_result.csv
B,Mesh-ref 256,30,sofa,100,0.933333,pointnet2_results/x4_two_line_final/mesh_ref_baseline_256/mesh_ref_baseline_256_result.csv
B,Mesh-ref 256,31,stairs,20,0.85,pointnet2_results/x4_two_line_final/mesh_ref_baseline_256/mesh_ref_baseline_256_result.csv
B,Mesh-ref 256,32,stool,20,0.84375,pointnet2_results/x4_two_line_final/mesh_ref_baseline_256/mesh_ref_baseline_256_result.csv
B,Mesh-ref 256,33,table,100,0.856667,pointnet2_results/x4_two_line_final/mesh_ref_baseline_256/mesh_ref_baseline_256_result.csv
B,Mesh-ref 256,34,tent,20,1.0,pointnet2_results/x4_two_line_final/mesh_ref_baseline_256/mesh_ref_baseline_256_result.csv
B,Mesh-ref 256,35,toilet,100,0.966667,pointnet2_results/x4_two_line_final/mesh_ref_baseline_256/mesh_ref_baseline_256_result.csv
B,Mesh-ref 256,36,tv_stand,100,0.883333,pointnet2_results/x4_two_line_final/mesh_ref_baseline_256/mesh_ref_baseline_256_result.csv
B,Mesh-ref 256,37,vase,100,0.775,pointnet2_results/x4_two_line_final/mesh_ref_baseline_256/mesh_ref_baseline_256_result.csv
B,Mesh-ref 256,38,wardrobe,20,0.7,pointnet2_results/x4_two_line_final/mesh_ref_baseline_256/mesh_ref_baseline_256_result.csv
B,Mesh-ref 256,39,xbox,20,0.65,pointnet2_results/x4_two_line_final/mesh_ref_baseline_256/mesh_ref_baseline_256_result.csv
A,EAR,0,airplane,100,1.0,pointnet2_results/x4_two_line_final/lineA_original_up/ear/lineA_original_up_ear_result.csv
A,EAR,1,bathtub,50,0.944444,pointnet2_results/x4_two_line_final/lineA_original_up/ear/lineA_original_up_ear_result.csv
A,EAR,2,bed,100,0.991667,pointnet2_results/x4_two_line_final/lineA_original_up/ear/lineA_original_up_ear_result.csv
A,EAR,3,bench,20,0.678571,pointnet2_results/x4_two_line_final/lineA_original_up/ear/lineA_original_up_ear_result.csv
A,EAR,4,bookshelf,100,0.991667,pointnet2_results/x4_two_line_final/lineA_original_up/ear/lineA_original_up_ear_result.csv
A,EAR,5,bottle,100,0.963095,pointnet2_results/x4_two_line_final/lineA_original_up/ear/lineA_original_up_ear_result.csv
A,EAR,6,bowl,20,1.0,pointnet2_results/x4_two_line_final/lineA_original_up/ear/lineA_original_up_ear_result.csv
A,EAR,7,car,100,1.0,pointnet2_results/x4_two_line_final/lineA_original_up/ear/lineA_original_up_ear_result.csv
A,EAR,8,chair,100,0.983333,pointnet2_results/x4_two_line_final/lineA_original_up/ear/lineA_original_up_ear_result.csv
A,EAR,9,cone,20,0.845238,pointnet2_results/x4_two_line_final/lineA_original_up/ear/lineA_original_up_ear_result.csv
A,EAR,10,cup,20,0.7,pointnet2_results/x4_two_line_final/lineA_original_up/ear/lineA_original_up_ear_result.csv
A,EAR,11,curtain,20,0.77381,pointnet2_results/x4_two_line_final/lineA_original_up/ear/lineA_original_up_ear_result.csv
A,EAR,12,desk,86,0.878472,pointnet2_results/x4_two_line_final/lineA_original_up/ear/lineA_original_up_ear_result.csv
A,EAR,13,door,20,0.875,pointnet2_results/x4_two_line_final/lineA_original_up/ear/lineA_original_up_ear_result.csv
A,EAR,14,dresser,86,0.85,pointnet2_results/x4_two_line_final/lineA_original_up/ear/lineA_original_up_ear_result.csv
A,EAR,15,flower_pot,20,0.083333,pointnet2_results/x4_two_line_final/lineA_original_up/ear/lineA_original_up_ear_result.csv
A,EAR,16,glass_box,100,0.948485,pointnet2_results/x4_two_line_final/lineA_original_up/ear/lineA_original_up_ear_result.csv
A,EAR,17,guitar,100,1.0,pointnet2_results/x4_two_line_final/lineA_original_up/ear/lineA_original_up_ear_result.csv
A,EAR,18,keyboard,20,1.0,pointnet2_results/x4_two_line_final/lineA_original_up/ear/lineA_original_up_ear_result.csv
A,EAR,19,lamp,20,0.888889,pointnet2_results/x4_two_line_final/lineA_original_up/ear/lineA_original_up_ear_result.csv
A,EAR,20,laptop,20,1.0,pointnet2_results/x4_two_line_final/lineA_original_up/ear/lineA_original_up_ear_result.csv
A,EAR,21,mantel,100,0.965278,pointnet2_results/x4_two_line_final/lineA_original_up/ear/lineA_original_up_ear_result.csv
A,EAR,22,monitor,100,0.975,pointnet2_results/x4_two_line_final/lineA_original_up/ear/lineA_original_up_ear_result.csv
A,EAR,23,night_stand,86,0.729167,pointnet2_results/x4_two_line_final/lineA_original_up/ear/lineA_original_up_ear_result.csv
A,EAR,24,person,20,0.96875,pointnet2_results/x4_two_line_final/lineA_original_up/ear/lineA_original_up_ear_result.csv
A,EAR,25,piano,100,0.923333,pointnet2_results/x4_two_line_final/lineA_original_up/ear/lineA_original_up_ear_result.csv
A,EAR,26,plant,100,0.875,pointnet2_results/x4_two_line_final/lineA_original_up/ear/lineA_original_up_ear_result.csv
A,EAR,27,radio,20,0.7,pointnet2_results/x4_two_line_final/lineA_original_up/ear/lineA_original_up_ear_result.csv
A,EAR,28,range_hood,100,0.966667,pointnet2_results/x4_two_line_final/lineA_original_up/ear/lineA_original_up_ear_result.csv
A,EAR,29,sink,20,0.8,pointnet2_results/x4_two_line_final/lineA_original_up/ear/lineA_original_up_ear_result.csv
A,EAR,30,sofa,100,1.0,pointnet2_results/x4_two_line_final/lineA_original_up/ear/lineA_original_up_ear_result.csv
A,EAR,31,stairs,20,0.85,pointnet2_results/x4_two_line_final/lineA_original_up/ear/lineA_original_up_ear_result.csv
A,EAR,32,stool,20,0.9375,pointnet2_results/x4_two_line_final/lineA_original_up/ear/lineA_original_up_ear_result.csv
A,EAR,33,table,100,0.863333,pointnet2_results/x4_two_line_final/lineA_original_up/ear/lineA_original_up_ear_result.csv
A,EAR,34,tent,20,0.96875,pointnet2_results/x4_two_line_final/lineA_original_up/ear/lineA_original_up_ear_result.csv
A,EAR,35,toilet,100,1.0,pointnet2_results/x4_two_line_final/lineA_original_up/ear/lineA_original_up_ear_result.csv
A,EAR,36,tv_stand,100,0.841667,pointnet2_results/x4_two_line_final/lineA_original_up/ear/lineA_original_up_ear_result.csv
A,EAR,37,vase,100,0.866667,pointnet2_results/x4_two_line_final/lineA_original_up/ear/lineA_original_up_ear_result.csv
A,EAR,38,wardrobe,20,0.8,pointnet2_results/x4_two_line_final/lineA_original_up/ear/lineA_original_up_ear_result.csv
A,EAR,39,xbox,20,0.85,pointnet2_results/x4_two_line_final/lineA_original_up/ear/lineA_original_up_ear_result.csv
B,EAR,0,airplane,100,1.0,pointnet2_results/x4_two_line_final/lineB_downsampled_x4_up/ear/lineB_downsampled_x4_up_ear_result.csv
B,EAR,1,bathtub,50,0.925,pointnet2_results/x4_two_line_final/lineB_downsampled_x4_up/ear/lineB_downsampled_x4_up_ear_result.csv
B,EAR,2,bed,100,0.966667,pointnet2_results/x4_two_line_final/lineB_downsampled_x4_up/ear/lineB_downsampled_x4_up_ear_result.csv
B,EAR,3,bench,20,0.678571,pointnet2_results/x4_two_line_final/lineB_downsampled_x4_up/ear/lineB_downsampled_x4_up_ear_result.csv
B,EAR,4,bookshelf,100,0.960556,pointnet2_results/x4_two_line_final/lineB_downsampled_x4_up/ear/lineB_downsampled_x4_up_ear_result.csv
B,EAR,5,bottle,100,0.944048,pointnet2_results/x4_two_line_final/lineB_downsampled_x4_up/ear/lineB_downsampled_x4_up_ear_result.csv
B,EAR,6,bowl,20,0.95,pointnet2_results/x4_two_line_final/lineB_downsampled_x4_up/ear/lineB_downsampled_x4_up_ear_result.csv
B,EAR,7,car,100,0.983333,pointnet2_results/x4_two_line_final/lineB_downsampled_x4_up/ear/lineB_downsampled_x4_up_ear_result.csv
B,EAR,8,chair,100,0.991667,pointnet2_results/x4_two_line_final/lineB_downsampled_x4_up/ear/lineB_downsampled_x4_up_ear_result.csv
B,EAR,9,cone,20,0.845238,pointnet2_results/x4_two_line_final/lineB_downsampled_x4_up/ear/lineB_downsampled_x4_up_ear_result.csv
B,EAR,10,cup,20,0.55,pointnet2_results/x4_two_line_final/lineB_downsampled_x4_up/ear/lineB_downsampled_x4_up_ear_result.csv
B,EAR,11,curtain,20,0.821429,pointnet2_results/x4_two_line_final/lineB_downsampled_x4_up/ear/lineB_downsampled_x4_up_ear_result.csv
B,EAR,12,desk,86,0.853472,pointnet2_results/x4_two_line_final/lineB_downsampled_x4_up/ear/lineB_downsampled_x4_up_ear_result.csv
B,EAR,13,door,20,0.875,pointnet2_results/x4_two_line_final/lineB_downsampled_x4_up/ear/lineB_downsampled_x4_up_ear_result.csv
B,EAR,14,dresser,86,0.775,pointnet2_results/x4_two_line_final/lineB_downsampled_x4_up/ear/lineB_downsampled_x4_up_ear_result.csv
B,EAR,15,flower_pot,20,0.083333,pointnet2_results/x4_two_line_final/lineB_downsampled_x4_up/ear/lineB_downsampled_x4_up_ear_result.csv
B,EAR,16,glass_box,100,0.838636,pointnet2_results/x4_two_line_final/lineB_downsampled_x4_up/ear/lineB_downsampled_x4_up_ear_result.csv
B,EAR,17,guitar,100,0.988889,pointnet2_results/x4_two_line_final/lineB_downsampled_x4_up/ear/lineB_downsampled_x4_up_ear_result.csv
B,EAR,18,keyboard,20,1.0,pointnet2_results/x4_two_line_final/lineB_downsampled_x4_up/ear/lineB_downsampled_x4_up_ear_result.csv
B,EAR,19,lamp,20,0.888889,pointnet2_results/x4_two_line_final/lineB_downsampled_x4_up/ear/lineB_downsampled_x4_up_ear_result.csv
B,EAR,20,laptop,20,1.0,pointnet2_results/x4_two_line_final/lineB_downsampled_x4_up/ear/lineB_downsampled_x4_up_ear_result.csv
B,EAR,21,mantel,100,0.958333,pointnet2_results/x4_two_line_final/lineB_downsampled_x4_up/ear/lineB_downsampled_x4_up_ear_result.csv
B,EAR,22,monitor,100,0.974242,pointnet2_results/x4_two_line_final/lineB_downsampled_x4_up/ear/lineB_downsampled_x4_up_ear_result.csv
B,EAR,23,night_stand,86,0.691667,pointnet2_results/x4_two_line_final/lineB_downsampled_x4_up/ear/lineB_downsampled_x4_up_ear_result.csv
B,EAR,24,person,20,0.875,pointnet2_results/x4_two_line_final/lineB_downsampled_x4_up/ear/lineB_downsampled_x4_up_ear_result.csv
B,EAR,25,piano,100,0.871667,pointnet2_results/x4_two_line_final/lineB_downsampled_x4_up/ear/lineB_downsampled_x4_up_ear_result.csv
B,EAR,26,plant,100,0.791667,pointnet2_results/x4_two_line_final/lineB_downsampled_x4_up/ear/lineB_downsampled_x4_up_ear_result.csv
B,EAR,27,radio,20,0.55,pointnet2_results/x4_two_line_final/lineB_downsampled_x4_up/ear/lineB_downsampled_x4_up_ear_result.csv
B,EAR,28,range_hood,100,0.9,pointnet2_results/x4_two_line_final/lineB_downsampled_x4_up/ear/lineB_downsampled_x4_up_ear_result.csv
B,EAR,29,sink,20,0.7,pointnet2_results/x4_two_line_final/lineB_downsampled_x4_up/ear/lineB_downsampled_x4_up_ear_result.csv
B,EAR,30,sofa,100,0.95,pointnet2_results/x4_two_line_final/lineB_downsampled_x4_up/ear/lineB_downsampled_x4_up_ear_result.csv
B,EAR,31,stairs,20,0.85,pointnet2_results/x4_two_line_final/lineB_downsampled_x4_up/ear/lineB_downsampled_x4_up_ear_result.csv
B,EAR,32,stool,20,0.84375,pointnet2_results/x4_two_line_final/lineB_downsampled_x4_up/ear/lineB_downsampled_x4_up_ear_result.csv
B,EAR,33,table,100,0.898333,pointnet2_results/x4_two_line_final/lineB_downsampled_x4_up/ear/lineB_downsampled_x4_up_ear_result.csv
B,EAR,34,tent,20,0.96875,pointnet2_results/x4_two_line_final/lineB_downsampled_x4_up/ear/lineB_downsampled_x4_up_ear_result.csv
B,EAR,35,toilet,100,1.0,pointnet2_results/x4_two_line_final/lineB_downsampled_x4_up/ear/lineB_downsampled_x4_up_ear_result.csv
B,EAR,36,tv_stand,100,0.841667,pointnet2_results/x4_two_line_final/lineB_downsampled_x4_up/ear/lineB_downsampled_x4_up_ear_result.csv
B,EAR,37,vase,100,0.766667,pointnet2_results/x4_two_line_final/lineB_downsampled_x4_up/ear/lineB_downsampled_x4_up_ear_result.csv
B,EAR,38,wardrobe,20,0.6,pointnet2_results/x4_two_line_final/lineB_downsampled_x4_up/ear/lineB_downsampled_x4_up_ear_result.csv
B,EAR,39,xbox,20,0.85,pointnet2_results/x4_two_line_final/lineB_downsampled_x4_up/ear/lineB_downsampled_x4_up_ear_result.csv
A,PDANS,0,airplane,100,1.0,pointnet2_results/x4_two_line_final/lineA_original_up/pdans/lineA_original_up_pdans_result.csv
A,PDANS,1,bathtub,50,0.955556,pointnet2_results/x4_two_line_final/lineA_original_up/pdans/lineA_original_up_pdans_result.csv
A,PDANS,2,bed,100,0.991667,pointnet2_results/x4_two_line_final/lineA_original_up/pdans/lineA_original_up_pdans_result.csv
A,PDANS,3,bench,20,0.678571,pointnet2_results/x4_two_line_final/lineA_original_up/pdans/lineA_original_up_pdans_result.csv
A,PDANS,4,bookshelf,100,0.966667,pointnet2_results/x4_two_line_final/lineA_original_up/pdans/lineA_original_up_pdans_result.csv
A,PDANS,5,bottle,100,0.966667,pointnet2_results/x4_two_line_final/lineA_original_up/pdans/lineA_original_up_pdans_result.csv
A,PDANS,6,bowl,20,0.95,pointnet2_results/x4_two_line_final/lineA_original_up/pdans/lineA_original_up_pdans_result.csv
A,PDANS,7,car,100,0.991667,pointnet2_results/x4_two_line_final/lineA_original_up/pdans/lineA_original_up_pdans_result.csv
A,PDANS,8,chair,100,0.955556,pointnet2_results/x4_two_line_final/lineA_original_up/pdans/lineA_original_up_pdans_result.csv
A,PDANS,9,cone,20,0.845238,pointnet2_results/x4_two_line_final/lineA_original_up/pdans/lineA_original_up_pdans_result.csv
A,PDANS,10,cup,20,0.65,pointnet2_results/x4_two_line_final/lineA_original_up/pdans/lineA_original_up_pdans_result.csv
A,PDANS,11,curtain,20,0.809524,pointnet2_results/x4_two_line_final/lineA_original_up/pdans/lineA_original_up_pdans_result.csv
A,PDANS,12,desk,86,0.909722,pointnet2_results/x4_two_line_final/lineA_original_up/pdans/lineA_original_up_pdans_result.csv
A,PDANS,13,door,20,0.9375,pointnet2_results/x4_two_line_final/lineA_original_up/pdans/lineA_original_up_pdans_result.csv
A,PDANS,14,dresser,86,0.883333,pointnet2_results/x4_two_line_final/lineA_original_up/pdans/lineA_original_up_pdans_result.csv
A,PDANS,15,flower_pot,20,0.027778,pointnet2_results/x4_two_line_final/lineA_original_up/pdans/lineA_original_up_pdans_result.csv
A,PDANS,16,glass_box,100,0.965152,pointnet2_results/x4_two_line_final/lineA_original_up/pdans/lineA_original_up_pdans_result.csv
A,PDANS,17,guitar,100,0.980556,pointnet2_results/x4_two_line_final/lineA_original_up/pdans/lineA_original_up_pdans_result.csv
A,PDANS,18,keyboard,20,1.0,pointnet2_results/x4_two_line_final/lineA_original_up/pdans/lineA_original_up_pdans_result.csv
A,PDANS,19,lamp,20,0.944444,pointnet2_results/x4_two_line_final/lineA_original_up/pdans/lineA_original_up_pdans_result.csv
A,PDANS,20,laptop,20,1.0,pointnet2_results/x4_two_line_final/lineA_original_up/pdans/lineA_original_up_pdans_result.csv
A,PDANS,21,mantel,100,0.965278,pointnet2_results/x4_two_line_final/lineA_original_up/pdans/lineA_original_up_pdans_result.csv
A,PDANS,22,monitor,100,0.983333,pointnet2_results/x4_two_line_final/lineA_original_up/pdans/lineA_original_up_pdans_result.csv
A,PDANS,23,night_stand,86,0.756944,pointnet2_results/x4_two_line_final/lineA_original_up/pdans/lineA_original_up_pdans_result.csv
A,PDANS,24,person,20,0.96875,pointnet2_results/x4_two_line_final/lineA_original_up/pdans/lineA_original_up_pdans_result.csv
A,PDANS,25,piano,100,0.913333,pointnet2_results/x4_two_line_final/lineA_original_up/pdans/lineA_original_up_pdans_result.csv
A,PDANS,26,plant,100,0.825,pointnet2_results/x4_two_line_final/lineA_original_up/pdans/lineA_original_up_pdans_result.csv
A,PDANS,27,radio,20,0.85,pointnet2_results/x4_two_line_final/lineA_original_up/pdans/lineA_original_up_pdans_result.csv
A,PDANS,28,range_hood,100,0.975,pointnet2_results/x4_two_line_final/lineA_original_up/pdans/lineA_original_up_pdans_result.csv
A,PDANS,29,sink,20,0.8,pointnet2_results/x4_two_line_final/lineA_original_up/pdans/lineA_original_up_pdans_result.csv
A,PDANS,30,sofa,100,1.0,pointnet2_results/x4_two_line_final/lineA_original_up/pdans/lineA_original_up_pdans_result.csv
A,PDANS,31,stairs,20,0.9,pointnet2_results/x4_two_line_final/lineA_original_up/pdans/lineA_original_up_pdans_result.csv
A,PDANS,32,stool,20,0.78125,pointnet2_results/x4_two_line_final/lineA_original_up/pdans/lineA_original_up_pdans_result.csv
A,PDANS,33,table,100,0.845,pointnet2_results/x4_two_line_final/lineA_original_up/pdans/lineA_original_up_pdans_result.csv
A,PDANS,34,tent,20,0.96875,pointnet2_results/x4_two_line_final/lineA_original_up/pdans/lineA_original_up_pdans_result.csv
A,PDANS,35,toilet,100,0.966667,pointnet2_results/x4_two_line_final/lineA_original_up/pdans/lineA_original_up_pdans_result.csv
A,PDANS,36,tv_stand,100,0.883333,pointnet2_results/x4_two_line_final/lineA_original_up/pdans/lineA_original_up_pdans_result.csv
A,PDANS,37,vase,100,0.883333,pointnet2_results/x4_two_line_final/lineA_original_up/pdans/lineA_original_up_pdans_result.csv
A,PDANS,38,wardrobe,20,0.75,pointnet2_results/x4_two_line_final/lineA_original_up/pdans/lineA_original_up_pdans_result.csv
A,PDANS,39,xbox,20,0.95,pointnet2_results/x4_two_line_final/lineA_original_up/pdans/lineA_original_up_pdans_result.csv
B,PDANS,0,airplane,100,1.0,pointnet2_results/x4_two_line_final/lineB_downsampled_x4_up/pdans/lineB_downsampled_x4_up_pdans_result.csv
B,PDANS,1,bathtub,50,0.925,pointnet2_results/x4_two_line_final/lineB_downsampled_x4_up/pdans/lineB_downsampled_x4_up_pdans_result.csv
B,PDANS,2,bed,100,1.0,pointnet2_results/x4_two_line_final/lineB_downsampled_x4_up/pdans/lineB_downsampled_x4_up_pdans_result.csv
B,PDANS,3,bench,20,0.761905,pointnet2_results/x4_two_line_final/lineB_downsampled_x4_up/pdans/lineB_downsampled_x4_up_pdans_result.csv
B,PDANS,4,bookshelf,100,0.949444,pointnet2_results/x4_two_line_final/lineB_downsampled_x4_up/pdans/lineB_downsampled_x4_up_pdans_result.csv
B,PDANS,5,bottle,100,0.954762,pointnet2_results/x4_two_line_final/lineB_downsampled_x4_up/pdans/lineB_downsampled_x4_up_pdans_result.csv
B,PDANS,6,bowl,20,0.95,pointnet2_results/x4_two_line_final/lineB_downsampled_x4_up/pdans/lineB_downsampled_x4_up_pdans_result.csv
B,PDANS,7,car,100,0.983333,pointnet2_results/x4_two_line_final/lineB_downsampled_x4_up/pdans/lineB_downsampled_x4_up_pdans_result.csv
B,PDANS,8,chair,100,0.983333,pointnet2_results/x4_two_line_final/lineB_downsampled_x4_up/pdans/lineB_downsampled_x4_up_pdans_result.csv
B,PDANS,9,cone,20,0.880952,pointnet2_results/x4_two_line_final/lineB_downsampled_x4_up/pdans/lineB_downsampled_x4_up_pdans_result.csv
B,PDANS,10,cup,20,0.7,pointnet2_results/x4_two_line_final/lineB_downsampled_x4_up/pdans/lineB_downsampled_x4_up_pdans_result.csv
B,PDANS,11,curtain,20,0.892857,pointnet2_results/x4_two_line_final/lineB_downsampled_x4_up/pdans/lineB_downsampled_x4_up_pdans_result.csv
B,PDANS,12,desk,86,0.863889,pointnet2_results/x4_two_line_final/lineB_downsampled_x4_up/pdans/lineB_downsampled_x4_up_pdans_result.csv
B,PDANS,13,door,20,0.75,pointnet2_results/x4_two_line_final/lineB_downsampled_x4_up/pdans/lineB_downsampled_x4_up_pdans_result.csv
B,PDANS,14,dresser,86,0.808333,pointnet2_results/x4_two_line_final/lineB_downsampled_x4_up/pdans/lineB_downsampled_x4_up_pdans_result.csv
B,PDANS,15,flower_pot,20,0.027778,pointnet2_results/x4_two_line_final/lineB_downsampled_x4_up/pdans/lineB_downsampled_x4_up_pdans_result.csv
B,PDANS,16,glass_box,100,0.923485,pointnet2_results/x4_two_line_final/lineB_downsampled_x4_up/pdans/lineB_downsampled_x4_up_pdans_result.csv
B,PDANS,17,guitar,100,0.991667,pointnet2_results/x4_two_line_final/lineB_downsampled_x4_up/pdans/lineB_downsampled_x4_up_pdans_result.csv
B,PDANS,18,keyboard,20,1.0,pointnet2_results/x4_two_line_final/lineB_downsampled_x4_up/pdans/lineB_downsampled_x4_up_pdans_result.csv
B,PDANS,19,lamp,20,0.916667,pointnet2_results/x4_two_line_final/lineB_downsampled_x4_up/pdans/lineB_downsampled_x4_up_pdans_result.csv
B,PDANS,20,laptop,20,1.0,pointnet2_results/x4_two_line_final/lineB_downsampled_x4_up/pdans/lineB_downsampled_x4_up_pdans_result.csv
B,PDANS,21,mantel,100,0.986111,pointnet2_results/x4_two_line_final/lineB_downsampled_x4_up/pdans/lineB_downsampled_x4_up_pdans_result.csv
B,PDANS,22,monitor,100,0.983333,pointnet2_results/x4_two_line_final/lineB_downsampled_x4_up/pdans/lineB_downsampled_x4_up_pdans_result.csv
B,PDANS,23,night_stand,86,0.745833,pointnet2_results/x4_two_line_final/lineB_downsampled_x4_up/pdans/lineB_downsampled_x4_up_pdans_result.csv
B,PDANS,24,person,20,0.96875,pointnet2_results/x4_two_line_final/lineB_downsampled_x4_up/pdans/lineB_downsampled_x4_up_pdans_result.csv
B,PDANS,25,piano,100,0.94,pointnet2_results/x4_two_line_final/lineB_downsampled_x4_up/pdans/lineB_downsampled_x4_up_pdans_result.csv
B,PDANS,26,plant,100,0.816667,pointnet2_results/x4_two_line_final/lineB_downsampled_x4_up/pdans/lineB_downsampled_x4_up_pdans_result.csv
B,PDANS,27,radio,20,0.6,pointnet2_results/x4_two_line_final/lineB_downsampled_x4_up/pdans/lineB_downsampled_x4_up_pdans_result.csv
B,PDANS,28,range_hood,100,0.966667,pointnet2_results/x4_two_line_final/lineB_downsampled_x4_up/pdans/lineB_downsampled_x4_up_pdans_result.csv
B,PDANS,29,sink,20,0.7,pointnet2_results/x4_two_line_final/lineB_downsampled_x4_up/pdans/lineB_downsampled_x4_up_pdans_result.csv
B,PDANS,30,sofa,100,0.95,pointnet2_results/x4_two_line_final/lineB_downsampled_x4_up/pdans/lineB_downsampled_x4_up_pdans_result.csv
B,PDANS,31,stairs,20,0.85,pointnet2_results/x4_two_line_final/lineB_downsampled_x4_up/pdans/lineB_downsampled_x4_up_pdans_result.csv
B,PDANS,32,stool,20,0.8125,pointnet2_results/x4_two_line_final/lineB_downsampled_x4_up/pdans/lineB_downsampled_x4_up_pdans_result.csv
B,PDANS,33,table,100,0.81,pointnet2_results/x4_two_line_final/lineB_downsampled_x4_up/pdans/lineB_downsampled_x4_up_pdans_result.csv
B,PDANS,34,tent,20,0.96875,pointnet2_results/x4_two_line_final/lineB_downsampled_x4_up/pdans/lineB_downsampled_x4_up_pdans_result.csv
B,PDANS,35,toilet,100,0.975,pointnet2_results/x4_two_line_final/lineB_downsampled_x4_up/pdans/lineB_downsampled_x4_up_pdans_result.csv
B,PDANS,36,tv_stand,100,0.825,pointnet2_results/x4_two_line_final/lineB_downsampled_x4_up/pdans/lineB_downsampled_x4_up_pdans_result.csv
B,PDANS,37,vase,100,0.816667,pointnet2_results/x4_two_line_final/lineB_downsampled_x4_up/pdans/lineB_downsampled_x4_up_pdans_result.csv
B,PDANS,38,wardrobe,20,0.7,pointnet2_results/x4_two_line_final/lineB_downsampled_x4_up/pdans/lineB_downsampled_x4_up_pdans_result.csv
B,PDANS,39,xbox,20,0.8,pointnet2_results/x4_two_line_final/lineB_downsampled_x4_up/pdans/lineB_downsampled_x4_up_pdans_result.csv
A,PU-Net,0,airplane,100,1.0,pointnet2_results/x4_two_line_final/lineA_original_up/pu_net/lineA_original_up_pu_net_result.csv
A,PU-Net,1,bathtub,50,0.958333,pointnet2_results/x4_two_line_final/lineA_original_up/pu_net/lineA_original_up_pu_net_result.csv
A,PU-Net,2,bed,100,0.991667,pointnet2_results/x4_two_line_final/lineA_original_up/pu_net/lineA_original_up_pu_net_result.csv
A,PU-Net,3,bench,20,0.678571,pointnet2_results/x4_two_line_final/lineA_original_up/pu_net/lineA_original_up_pu_net_result.csv
A,PU-Net,4,bookshelf,100,0.913333,pointnet2_results/x4_two_line_final/lineA_original_up/pu_net/lineA_original_up_pu_net_result.csv
A,PU-Net,5,bottle,100,0.963095,pointnet2_results/x4_two_line_final/lineA_original_up/pu_net/lineA_original_up_pu_net_result.csv
A,PU-Net,6,bowl,20,1.0,pointnet2_results/x4_two_line_final/lineA_original_up/pu_net/lineA_original_up_pu_net_result.csv
A,PU-Net,7,car,100,0.983333,pointnet2_results/x4_two_line_final/lineA_original_up/pu_net/lineA_original_up_pu_net_result.csv
A,PU-Net,8,chair,100,0.983333,pointnet2_results/x4_two_line_final/lineA_original_up/pu_net/lineA_original_up_pu_net_result.csv
A,PU-Net,9,cone,20,0.880952,pointnet2_results/x4_two_line_final/lineA_original_up/pu_net/lineA_original_up_pu_net_result.csv
A,PU-Net,10,cup,20,0.55,pointnet2_results/x4_two_line_final/lineA_original_up/pu_net/lineA_original_up_pu_net_result.csv
A,PU-Net,11,curtain,20,0.77381,pointnet2_results/x4_two_line_final/lineA_original_up/pu_net/lineA_original_up_pu_net_result.csv
A,PU-Net,12,desk,86,0.895833,pointnet2_results/x4_two_line_final/lineA_original_up/pu_net/lineA_original_up_pu_net_result.csv
A,PU-Net,13,door,20,0.96875,pointnet2_results/x4_two_line_final/lineA_original_up/pu_net/lineA_original_up_pu_net_result.csv
A,PU-Net,14,dresser,86,0.775,pointnet2_results/x4_two_line_final/lineA_original_up/pu_net/lineA_original_up_pu_net_result.csv
A,PU-Net,15,flower_pot,20,0.083333,pointnet2_results/x4_two_line_final/lineA_original_up/pu_net/lineA_original_up_pu_net_result.csv
A,PU-Net,16,glass_box,100,0.914394,pointnet2_results/x4_two_line_final/lineA_original_up/pu_net/lineA_original_up_pu_net_result.csv
A,PU-Net,17,guitar,100,0.991667,pointnet2_results/x4_two_line_final/lineA_original_up/pu_net/lineA_original_up_pu_net_result.csv
A,PU-Net,18,keyboard,20,1.0,pointnet2_results/x4_two_line_final/lineA_original_up/pu_net/lineA_original_up_pu_net_result.csv
A,PU-Net,19,lamp,20,0.944444,pointnet2_results/x4_two_line_final/lineA_original_up/pu_net/lineA_original_up_pu_net_result.csv
A,PU-Net,20,laptop,20,1.0,pointnet2_results/x4_two_line_final/lineA_original_up/pu_net/lineA_original_up_pu_net_result.csv
A,PU-Net,21,mantel,100,0.958333,pointnet2_results/x4_two_line_final/lineA_original_up/pu_net/lineA_original_up_pu_net_result.csv
A,PU-Net,22,monitor,100,0.983333,pointnet2_results/x4_two_line_final/lineA_original_up/pu_net/lineA_original_up_pu_net_result.csv
A,PU-Net,23,night_stand,86,0.8125,pointnet2_results/x4_two_line_final/lineA_original_up/pu_net/lineA_original_up_pu_net_result.csv
A,PU-Net,24,person,20,0.96875,pointnet2_results/x4_two_line_final/lineA_original_up/pu_net/lineA_original_up_pu_net_result.csv
A,PU-Net,25,piano,100,0.931667,pointnet2_results/x4_two_line_final/lineA_original_up/pu_net/lineA_original_up_pu_net_result.csv
A,PU-Net,26,plant,100,0.85,pointnet2_results/x4_two_line_final/lineA_original_up/pu_net/lineA_original_up_pu_net_result.csv
A,PU-Net,27,radio,20,0.8,pointnet2_results/x4_two_line_final/lineA_original_up/pu_net/lineA_original_up_pu_net_result.csv
A,PU-Net,28,range_hood,100,0.908333,pointnet2_results/x4_two_line_final/lineA_original_up/pu_net/lineA_original_up_pu_net_result.csv
A,PU-Net,29,sink,20,0.8,pointnet2_results/x4_two_line_final/lineA_original_up/pu_net/lineA_original_up_pu_net_result.csv
A,PU-Net,30,sofa,100,1.0,pointnet2_results/x4_two_line_final/lineA_original_up/pu_net/lineA_original_up_pu_net_result.csv
A,PU-Net,31,stairs,20,0.9,pointnet2_results/x4_two_line_final/lineA_original_up/pu_net/lineA_original_up_pu_net_result.csv
A,PU-Net,32,stool,20,0.84375,pointnet2_results/x4_two_line_final/lineA_original_up/pu_net/lineA_original_up_pu_net_result.csv
A,PU-Net,33,table,100,0.835,pointnet2_results/x4_two_line_final/lineA_original_up/pu_net/lineA_original_up_pu_net_result.csv
A,PU-Net,34,tent,20,0.96875,pointnet2_results/x4_two_line_final/lineA_original_up/pu_net/lineA_original_up_pu_net_result.csv
A,PU-Net,35,toilet,100,0.975,pointnet2_results/x4_two_line_final/lineA_original_up/pu_net/lineA_original_up_pu_net_result.csv
A,PU-Net,36,tv_stand,100,0.883333,pointnet2_results/x4_two_line_final/lineA_original_up/pu_net/lineA_original_up_pu_net_result.csv
A,PU-Net,37,vase,100,0.816667,pointnet2_results/x4_two_line_final/lineA_original_up/pu_net/lineA_original_up_pu_net_result.csv
A,PU-Net,38,wardrobe,20,0.7,pointnet2_results/x4_two_line_final/lineA_original_up/pu_net/lineA_original_up_pu_net_result.csv
A,PU-Net,39,xbox,20,0.8,pointnet2_results/x4_two_line_final/lineA_original_up/pu_net/lineA_original_up_pu_net_result.csv
B,PU-Net,0,airplane,100,1.0,pointnet2_results/x4_two_line_final/lineB_downsampled_x4_up/pu_net/lineB_downsampled_x4_up_pu_net_result.csv
B,PU-Net,1,bathtub,50,0.972222,pointnet2_results/x4_two_line_final/lineB_downsampled_x4_up/pu_net/lineB_downsampled_x4_up_pu_net_result.csv
B,PU-Net,2,bed,100,0.983333,pointnet2_results/x4_two_line_final/lineB_downsampled_x4_up/pu_net/lineB_downsampled_x4_up_pu_net_result.csv
B,PU-Net,3,bench,20,0.678571,pointnet2_results/x4_two_line_final/lineB_downsampled_x4_up/pu_net/lineB_downsampled_x4_up_pu_net_result.csv
B,PU-Net,4,bookshelf,100,0.935556,pointnet2_results/x4_two_line_final/lineB_downsampled_x4_up/pu_net/lineB_downsampled_x4_up_pu_net_result.csv
B,PU-Net,5,bottle,100,0.977381,pointnet2_results/x4_two_line_final/lineB_downsampled_x4_up/pu_net/lineB_downsampled_x4_up_pu_net_result.csv
B,PU-Net,6,bowl,20,1.0,pointnet2_results/x4_two_line_final/lineB_downsampled_x4_up/pu_net/lineB_downsampled_x4_up_pu_net_result.csv
B,PU-Net,7,car,100,1.0,pointnet2_results/x4_two_line_final/lineB_downsampled_x4_up/pu_net/lineB_downsampled_x4_up_pu_net_result.csv
B,PU-Net,8,chair,100,0.991667,pointnet2_results/x4_two_line_final/lineB_downsampled_x4_up/pu_net/lineB_downsampled_x4_up_pu_net_result.csv
B,PU-Net,9,cone,20,0.964286,pointnet2_results/x4_two_line_final/lineB_downsampled_x4_up/pu_net/lineB_downsampled_x4_up_pu_net_result.csv
B,PU-Net,10,cup,20,0.65,pointnet2_results/x4_two_line_final/lineB_downsampled_x4_up/pu_net/lineB_downsampled_x4_up_pu_net_result.csv
B,PU-Net,11,curtain,20,0.77381,pointnet2_results/x4_two_line_final/lineB_downsampled_x4_up/pu_net/lineB_downsampled_x4_up_pu_net_result.csv
B,PU-Net,12,desk,86,0.883333,pointnet2_results/x4_two_line_final/lineB_downsampled_x4_up/pu_net/lineB_downsampled_x4_up_pu_net_result.csv
B,PU-Net,13,door,20,1.0,pointnet2_results/x4_two_line_final/lineB_downsampled_x4_up/pu_net/lineB_downsampled_x4_up_pu_net_result.csv
B,PU-Net,14,dresser,86,0.816667,pointnet2_results/x4_two_line_final/lineB_downsampled_x4_up/pu_net/lineB_downsampled_x4_up_pu_net_result.csv
B,PU-Net,15,flower_pot,20,0.055556,pointnet2_results/x4_two_line_final/lineB_downsampled_x4_up/pu_net/lineB_downsampled_x4_up_pu_net_result.csv
B,PU-Net,16,glass_box,100,0.949242,pointnet2_results/x4_two_line_final/lineB_downsampled_x4_up/pu_net/lineB_downsampled_x4_up_pu_net_result.csv
B,PU-Net,17,guitar,100,1.0,pointnet2_results/x4_two_line_final/lineB_downsampled_x4_up/pu_net/lineB_downsampled_x4_up_pu_net_result.csv
B,PU-Net,18,keyboard,20,1.0,pointnet2_results/x4_two_line_final/lineB_downsampled_x4_up/pu_net/lineB_downsampled_x4_up_pu_net_result.csv
B,PU-Net,19,lamp,20,0.916667,pointnet2_results/x4_two_line_final/lineB_downsampled_x4_up/pu_net/lineB_downsampled_x4_up_pu_net_result.csv
B,PU-Net,20,laptop,20,1.0,pointnet2_results/x4_two_line_final/lineB_downsampled_x4_up/pu_net/lineB_downsampled_x4_up_pu_net_result.csv
B,PU-Net,21,mantel,100,0.972222,pointnet2_results/x4_two_line_final/lineB_downsampled_x4_up/pu_net/lineB_downsampled_x4_up_pu_net_result.csv
B,PU-Net,22,monitor,100,0.991667,pointnet2_results/x4_two_line_final/lineB_downsampled_x4_up/pu_net/lineB_downsampled_x4_up_pu_net_result.csv
B,PU-Net,23,night_stand,86,0.792361,pointnet2_results/x4_two_line_final/lineB_downsampled_x4_up/pu_net/lineB_downsampled_x4_up_pu_net_result.csv
B,PU-Net,24,person,20,1.0,pointnet2_results/x4_two_line_final/lineB_downsampled_x4_up/pu_net/lineB_downsampled_x4_up_pu_net_result.csv
B,PU-Net,25,piano,100,0.913333,pointnet2_results/x4_two_line_final/lineB_downsampled_x4_up/pu_net/lineB_downsampled_x4_up_pu_net_result.csv
B,PU-Net,26,plant,100,0.875,pointnet2_results/x4_two_line_final/lineB_downsampled_x4_up/pu_net/lineB_downsampled_x4_up_pu_net_result.csv
B,PU-Net,27,radio,20,0.7,pointnet2_results/x4_two_line_final/lineB_downsampled_x4_up/pu_net/lineB_downsampled_x4_up_pu_net_result.csv
B,PU-Net,28,range_hood,100,0.866667,pointnet2_results/x4_two_line_final/lineB_downsampled_x4_up/pu_net/lineB_downsampled_x4_up_pu_net_result.csv
B,PU-Net,29,sink,20,0.75,pointnet2_results/x4_two_line_final/lineB_downsampled_x4_up/pu_net/lineB_downsampled_x4_up_pu_net_result.csv
B,PU-Net,30,sofa,100,0.95,pointnet2_results/x4_two_line_final/lineB_downsampled_x4_up/pu_net/lineB_downsampled_x4_up_pu_net_result.csv
B,PU-Net,31,stairs,20,0.85,pointnet2_results/x4_two_line_final/lineB_downsampled_x4_up/pu_net/lineB_downsampled_x4_up_pu_net_result.csv
B,PU-Net,32,stool,20,0.9375,pointnet2_results/x4_two_line_final/lineB_downsampled_x4_up/pu_net/lineB_downsampled_x4_up_pu_net_result.csv
B,PU-Net,33,table,100,0.843333,pointnet2_results/x4_two_line_final/lineB_downsampled_x4_up/pu_net/lineB_downsampled_x4_up_pu_net_result.csv
B,PU-Net,34,tent,20,0.96875,pointnet2_results/x4_two_line_final/lineB_downsampled_x4_up/pu_net/lineB_downsampled_x4_up_pu_net_result.csv
B,PU-Net,35,toilet,100,1.0,pointnet2_results/x4_two_line_final/lineB_downsampled_x4_up/pu_net/lineB_downsampled_x4_up_pu_net_result.csv
B,PU-Net,36,tv_stand,100,0.841667,pointnet2_results/x4_two_line_final/lineB_downsampled_x4_up/pu_net/lineB_downsampled_x4_up_pu_net_result.csv
B,PU-Net,37,vase,100,0.841667,pointnet2_results/x4_two_line_final/lineB_downsampled_x4_up/pu_net/lineB_downsampled_x4_up_pu_net_result.csv
B,PU-Net,38,wardrobe,20,0.7,pointnet2_results/x4_two_line_final/lineB_downsampled_x4_up/pu_net/lineB_downsampled_x4_up_pu_net_result.csv
B,PU-Net,39,xbox,20,0.8,pointnet2_results/x4_two_line_final/lineB_downsampled_x4_up/pu_net/lineB_downsampled_x4_up_pu_net_result.csv
A,PU-GCN,0,airplane,100,1.0,pointnet2_results/x4_two_line_final/lineA_original_up/pu_gcn/lineA_original_up_pu_gcn_result.csv
A,PU-GCN,1,bathtub,50,0.955556,pointnet2_results/x4_two_line_final/lineA_original_up/pu_gcn/lineA_original_up_pu_gcn_result.csv
A,PU-GCN,2,bed,100,0.991667,pointnet2_results/x4_two_line_final/lineA_original_up/pu_gcn/lineA_original_up_pu_gcn_result.csv
A,PU-GCN,3,bench,20,0.678571,pointnet2_results/x4_two_line_final/lineA_original_up/pu_gcn/lineA_original_up_pu_gcn_result.csv
A,PU-GCN,4,bookshelf,100,0.961111,pointnet2_results/x4_two_line_final/lineA_original_up/pu_gcn/lineA_original_up_pu_gcn_result.csv
A,PU-GCN,5,bottle,100,0.946429,pointnet2_results/x4_two_line_final/lineA_original_up/pu_gcn/lineA_original_up_pu_gcn_result.csv
A,PU-GCN,6,bowl,20,0.95,pointnet2_results/x4_two_line_final/lineA_original_up/pu_gcn/lineA_original_up_pu_gcn_result.csv
A,PU-GCN,7,car,100,0.983333,pointnet2_results/x4_two_line_final/lineA_original_up/pu_gcn/lineA_original_up_pu_gcn_result.csv
A,PU-GCN,8,chair,100,0.955,pointnet2_results/x4_two_line_final/lineA_original_up/pu_gcn/lineA_original_up_pu_gcn_result.csv
A,PU-GCN,9,cone,20,0.845238,pointnet2_results/x4_two_line_final/lineA_original_up/pu_gcn/lineA_original_up_pu_gcn_result.csv
A,PU-GCN,10,cup,20,0.65,pointnet2_results/x4_two_line_final/lineA_original_up/pu_gcn/lineA_original_up_pu_gcn_result.csv
A,PU-GCN,11,curtain,20,0.964286,pointnet2_results/x4_two_line_final/lineA_original_up/pu_gcn/lineA_original_up_pu_gcn_result.csv
A,PU-GCN,12,desk,86,0.860417,pointnet2_results/x4_two_line_final/lineA_original_up/pu_gcn/lineA_original_up_pu_gcn_result.csv
A,PU-GCN,13,door,20,0.90625,pointnet2_results/x4_two_line_final/lineA_original_up/pu_gcn/lineA_original_up_pu_gcn_result.csv
A,PU-GCN,14,dresser,86,0.933333,pointnet2_results/x4_two_line_final/lineA_original_up/pu_gcn/lineA_original_up_pu_gcn_result.csv
A,PU-GCN,15,flower_pot,20,0.027778,pointnet2_results/x4_two_line_final/lineA_original_up/pu_gcn/lineA_original_up_pu_gcn_result.csv
A,PU-GCN,16,glass_box,100,0.965152,pointnet2_results/x4_two_line_final/lineA_original_up/pu_gcn/lineA_original_up_pu_gcn_result.csv
A,PU-GCN,17,guitar,100,1.0,pointnet2_results/x4_two_line_final/lineA_original_up/pu_gcn/lineA_original_up_pu_gcn_result.csv
A,PU-GCN,18,keyboard,20,1.0,pointnet2_results/x4_two_line_final/lineA_original_up/pu_gcn/lineA_original_up_pu_gcn_result.csv
A,PU-GCN,19,lamp,20,0.888889,pointnet2_results/x4_two_line_final/lineA_original_up/pu_gcn/lineA_original_up_pu_gcn_result.csv
A,PU-GCN,20,laptop,20,1.0,pointnet2_results/x4_two_line_final/lineA_original_up/pu_gcn/lineA_original_up_pu_gcn_result.csv
A,PU-GCN,21,mantel,100,0.972222,pointnet2_results/x4_two_line_final/lineA_original_up/pu_gcn/lineA_original_up_pu_gcn_result.csv
A,PU-GCN,22,monitor,100,0.983333,pointnet2_results/x4_two_line_final/lineA_original_up/pu_gcn/lineA_original_up_pu_gcn_result.csv
A,PU-GCN,23,night_stand,86,0.818056,pointnet2_results/x4_two_line_final/lineA_original_up/pu_gcn/lineA_original_up_pu_gcn_result.csv
A,PU-GCN,24,person,20,0.84375,pointnet2_results/x4_two_line_final/lineA_original_up/pu_gcn/lineA_original_up_pu_gcn_result.csv
A,PU-GCN,25,piano,100,0.931667,pointnet2_results/x4_two_line_final/lineA_original_up/pu_gcn/lineA_original_up_pu_gcn_result.csv
A,PU-GCN,26,plant,100,0.916667,pointnet2_results/x4_two_line_final/lineA_original_up/pu_gcn/lineA_original_up_pu_gcn_result.csv
A,PU-GCN,27,radio,20,0.6,pointnet2_results/x4_two_line_final/lineA_original_up/pu_gcn/lineA_original_up_pu_gcn_result.csv
A,PU-GCN,28,range_hood,100,0.966667,pointnet2_results/x4_two_line_final/lineA_original_up/pu_gcn/lineA_original_up_pu_gcn_result.csv
A,PU-GCN,29,sink,20,0.85,pointnet2_results/x4_two_line_final/lineA_original_up/pu_gcn/lineA_original_up_pu_gcn_result.csv
A,PU-GCN,30,sofa,100,1.0,pointnet2_results/x4_two_line_final/lineA_original_up/pu_gcn/lineA_original_up_pu_gcn_result.csv
A,PU-GCN,31,stairs,20,0.9,pointnet2_results/x4_two_line_final/lineA_original_up/pu_gcn/lineA_original_up_pu_gcn_result.csv
A,PU-GCN,32,stool,20,0.84375,pointnet2_results/x4_two_line_final/lineA_original_up/pu_gcn/lineA_original_up_pu_gcn_result.csv
A,PU-GCN,33,table,100,0.761667,pointnet2_results/x4_two_line_final/lineA_original_up/pu_gcn/lineA_original_up_pu_gcn_result.csv
A,PU-GCN,34,tent,20,0.96875,pointnet2_results/x4_two_line_final/lineA_original_up/pu_gcn/lineA_original_up_pu_gcn_result.csv
A,PU-GCN,35,toilet,100,0.975,pointnet2_results/x4_two_line_final/lineA_original_up/pu_gcn/lineA_original_up_pu_gcn_result.csv
A,PU-GCN,36,tv_stand,100,0.866667,pointnet2_results/x4_two_line_final/lineA_original_up/pu_gcn/lineA_original_up_pu_gcn_result.csv
A,PU-GCN,37,vase,100,0.833333,pointnet2_results/x4_two_line_final/lineA_original_up/pu_gcn/lineA_original_up_pu_gcn_result.csv
A,PU-GCN,38,wardrobe,20,0.8,pointnet2_results/x4_two_line_final/lineA_original_up/pu_gcn/lineA_original_up_pu_gcn_result.csv
A,PU-GCN,39,xbox,20,0.8,pointnet2_results/x4_two_line_final/lineA_original_up/pu_gcn/lineA_original_up_pu_gcn_result.csv
B,PU-GCN,0,airplane,100,1.0,pointnet2_results/x4_two_line_final/lineB_downsampled_x4_up/pu_gcn/lineB_downsampled_x4_up_pu_gcn_result.csv
B,PU-GCN,1,bathtub,50,0.908333,pointnet2_results/x4_two_line_final/lineB_downsampled_x4_up/pu_gcn/lineB_downsampled_x4_up_pu_gcn_result.csv
B,PU-GCN,2,bed,100,0.991667,pointnet2_results/x4_two_line_final/lineB_downsampled_x4_up/pu_gcn/lineB_downsampled_x4_up_pu_gcn_result.csv
B,PU-GCN,3,bench,20,0.678571,pointnet2_results/x4_two_line_final/lineB_downsampled_x4_up/pu_gcn/lineB_downsampled_x4_up_pu_gcn_result.csv
B,PU-GCN,4,bookshelf,100,0.971667,pointnet2_results/x4_two_line_final/lineB_downsampled_x4_up/pu_gcn/lineB_downsampled_x4_up_pu_gcn_result.csv
B,PU-GCN,5,bottle,100,0.977381,pointnet2_results/x4_two_line_final/lineB_downsampled_x4_up/pu_gcn/lineB_downsampled_x4_up_pu_gcn_result.csv
B,PU-GCN,6,bowl,20,1.0,pointnet2_results/x4_two_line_final/lineB_downsampled_x4_up/pu_gcn/lineB_downsampled_x4_up_pu_gcn_result.csv
B,PU-GCN,7,car,100,0.975,pointnet2_results/x4_two_line_final/lineB_downsampled_x4_up/pu_gcn/lineB_downsampled_x4_up_pu_gcn_result.csv
B,PU-GCN,8,chair,100,0.991667,pointnet2_results/x4_two_line_final/lineB_downsampled_x4_up/pu_gcn/lineB_downsampled_x4_up_pu_gcn_result.csv
B,PU-GCN,9,cone,20,0.845238,pointnet2_results/x4_two_line_final/lineB_downsampled_x4_up/pu_gcn/lineB_downsampled_x4_up_pu_gcn_result.csv
B,PU-GCN,10,cup,20,0.65,pointnet2_results/x4_two_line_final/lineB_downsampled_x4_up/pu_gcn/lineB_downsampled_x4_up_pu_gcn_result.csv
B,PU-GCN,11,curtain,20,0.857143,pointnet2_results/x4_two_line_final/lineB_downsampled_x4_up/pu_gcn/lineB_downsampled_x4_up_pu_gcn_result.csv
B,PU-GCN,12,desk,86,0.897222,pointnet2_results/x4_two_line_final/lineB_downsampled_x4_up/pu_gcn/lineB_downsampled_x4_up_pu_gcn_result.csv
B,PU-GCN,13,door,20,0.8125,pointnet2_results/x4_two_line_final/lineB_downsampled_x4_up/pu_gcn/lineB_downsampled_x4_up_pu_gcn_result.csv
B,PU-GCN,14,dresser,86,0.858333,pointnet2_results/x4_two_line_final/lineB_downsampled_x4_up/pu_gcn/lineB_downsampled_x4_up_pu_gcn_result.csv
B,PU-GCN,15,flower_pot,20,0.138889,pointnet2_results/x4_two_line_final/lineB_downsampled_x4_up/pu_gcn/lineB_downsampled_x4_up_pu_gcn_result.csv
B,PU-GCN,16,glass_box,100,0.915152,pointnet2_results/x4_two_line_final/lineB_downsampled_x4_up/pu_gcn/lineB_downsampled_x4_up_pu_gcn_result.csv
B,PU-GCN,17,guitar,100,0.971667,pointnet2_results/x4_two_line_final/lineB_downsampled_x4_up/pu_gcn/lineB_downsampled_x4_up_pu_gcn_result.csv
B,PU-GCN,18,keyboard,20,1.0,pointnet2_results/x4_two_line_final/lineB_downsampled_x4_up/pu_gcn/lineB_downsampled_x4_up_pu_gcn_result.csv
B,PU-GCN,19,lamp,20,0.944444,pointnet2_results/x4_two_line_final/lineB_downsampled_x4_up/pu_gcn/lineB_downsampled_x4_up_pu_gcn_result.csv
B,PU-GCN,20,laptop,20,1.0,pointnet2_results/x4_two_line_final/lineB_downsampled_x4_up/pu_gcn/lineB_downsampled_x4_up_pu_gcn_result.csv
B,PU-GCN,21,mantel,100,0.965278,pointnet2_results/x4_two_line_final/lineB_downsampled_x4_up/pu_gcn/lineB_downsampled_x4_up_pu_gcn_result.csv
B,PU-GCN,22,monitor,100,0.975,pointnet2_results/x4_two_line_final/lineB_downsampled_x4_up/pu_gcn/lineB_downsampled_x4_up_pu_gcn_result.csv
B,PU-GCN,23,night_stand,86,0.783333,pointnet2_results/x4_two_line_final/lineB_downsampled_x4_up/pu_gcn/lineB_downsampled_x4_up_pu_gcn_result.csv
B,PU-GCN,24,person,20,1.0,pointnet2_results/x4_two_line_final/lineB_downsampled_x4_up/pu_gcn/lineB_downsampled_x4_up_pu_gcn_result.csv
B,PU-GCN,25,piano,100,0.865,pointnet2_results/x4_two_line_final/lineB_downsampled_x4_up/pu_gcn/lineB_downsampled_x4_up_pu_gcn_result.csv
B,PU-GCN,26,plant,100,0.816667,pointnet2_results/x4_two_line_final/lineB_downsampled_x4_up/pu_gcn/lineB_downsampled_x4_up_pu_gcn_result.csv
B,PU-GCN,27,radio,20,0.7,pointnet2_results/x4_two_line_final/lineB_downsampled_x4_up/pu_gcn/lineB_downsampled_x4_up_pu_gcn_result.csv
B,PU-GCN,28,range_hood,100,0.875,pointnet2_results/x4_two_line_final/lineB_downsampled_x4_up/pu_gcn/lineB_downsampled_x4_up_pu_gcn_result.csv
B,PU-GCN,29,sink,20,0.8,pointnet2_results/x4_two_line_final/lineB_downsampled_x4_up/pu_gcn/lineB_downsampled_x4_up_pu_gcn_result.csv
B,PU-GCN,30,sofa,100,0.891667,pointnet2_results/x4_two_line_final/lineB_downsampled_x4_up/pu_gcn/lineB_downsampled_x4_up_pu_gcn_result.csv
B,PU-GCN,31,stairs,20,0.85,pointnet2_results/x4_two_line_final/lineB_downsampled_x4_up/pu_gcn/lineB_downsampled_x4_up_pu_gcn_result.csv
B,PU-GCN,32,stool,20,0.65625,pointnet2_results/x4_two_line_final/lineB_downsampled_x4_up/pu_gcn/lineB_downsampled_x4_up_pu_gcn_result.csv
B,PU-GCN,33,table,100,0.811667,pointnet2_results/x4_two_line_final/lineB_downsampled_x4_up/pu_gcn/lineB_downsampled_x4_up_pu_gcn_result.csv
B,PU-GCN,34,tent,20,0.9375,pointnet2_results/x4_two_line_final/lineB_downsampled_x4_up/pu_gcn/lineB_downsampled_x4_up_pu_gcn_result.csv
B,PU-GCN,35,toilet,100,0.966667,pointnet2_results/x4_two_line_final/lineB_downsampled_x4_up/pu_gcn/lineB_downsampled_x4_up_pu_gcn_result.csv
B,PU-GCN,36,tv_stand,100,0.866667,pointnet2_results/x4_two_line_final/lineB_downsampled_x4_up/pu_gcn/lineB_downsampled_x4_up_pu_gcn_result.csv
B,PU-GCN,37,vase,100,0.816667,pointnet2_results/x4_two_line_final/lineB_downsampled_x4_up/pu_gcn/lineB_downsampled_x4_up_pu_gcn_result.csv
B,PU-GCN,38,wardrobe,20,0.8,pointnet2_results/x4_two_line_final/lineB_downsampled_x4_up/pu_gcn/lineB_downsampled_x4_up_pu_gcn_result.csv
B,PU-GCN,39,xbox,20,0.8,pointnet2_results/x4_two_line_final/lineB_downsampled_x4_up/pu_gcn/lineB_downsampled_x4_up_pu_gcn_result.csv
A,PU-EdgeFormer,0,airplane,100,1.0,pointnet2_results/x4_two_line_final/lineA_original_up/pu_edgeformer/lineA_original_up_pu_edgeformer_result.csv
A,PU-EdgeFormer,1,bathtub,50,0.944444,pointnet2_results/x4_two_line_final/lineA_original_up/pu_edgeformer/lineA_original_up_pu_edgeformer_result.csv
A,PU-EdgeFormer,2,bed,100,0.991667,pointnet2_results/x4_two_line_final/lineA_original_up/pu_edgeformer/lineA_original_up_pu_edgeformer_result.csv
A,PU-EdgeFormer,3,bench,20,0.678571,pointnet2_results/x4_two_line_final/lineA_original_up/pu_edgeformer/lineA_original_up_pu_edgeformer_result.csv
A,PU-EdgeFormer,4,bookshelf,100,0.963333,pointnet2_results/x4_two_line_final/lineA_original_up/pu_edgeformer/lineA_original_up_pu_edgeformer_result.csv
A,PU-EdgeFormer,5,bottle,100,0.938095,pointnet2_results/x4_two_line_final/lineA_original_up/pu_edgeformer/lineA_original_up_pu_edgeformer_result.csv
A,PU-EdgeFormer,6,bowl,20,0.95,pointnet2_results/x4_two_line_final/lineA_original_up/pu_edgeformer/lineA_original_up_pu_edgeformer_result.csv
A,PU-EdgeFormer,7,car,100,0.975,pointnet2_results/x4_two_line_final/lineA_original_up/pu_edgeformer/lineA_original_up_pu_edgeformer_result.csv
A,PU-EdgeFormer,8,chair,100,0.983333,pointnet2_results/x4_two_line_final/lineA_original_up/pu_edgeformer/lineA_original_up_pu_edgeformer_result.csv
A,PU-EdgeFormer,9,cone,20,0.845238,pointnet2_results/x4_two_line_final/lineA_original_up/pu_edgeformer/lineA_original_up_pu_edgeformer_result.csv
A,PU-EdgeFormer,10,cup,20,0.75,pointnet2_results/x4_two_line_final/lineA_original_up/pu_edgeformer/lineA_original_up_pu_edgeformer_result.csv
A,PU-EdgeFormer,11,curtain,20,0.77381,pointnet2_results/x4_two_line_final/lineA_original_up/pu_edgeformer/lineA_original_up_pu_edgeformer_result.csv
A,PU-EdgeFormer,12,desk,86,0.897222,pointnet2_results/x4_two_line_final/lineA_original_up/pu_edgeformer/lineA_original_up_pu_edgeformer_result.csv
A,PU-EdgeFormer,13,door,20,0.84375,pointnet2_results/x4_two_line_final/lineA_original_up/pu_edgeformer/lineA_original_up_pu_edgeformer_result.csv
A,PU-EdgeFormer,14,dresser,86,0.891667,pointnet2_results/x4_two_line_final/lineA_original_up/pu_edgeformer/lineA_original_up_pu_edgeformer_result.csv
A,PU-EdgeFormer,15,flower_pot,20,0.083333,pointnet2_results/x4_two_line_final/lineA_original_up/pu_edgeformer/lineA_original_up_pu_edgeformer_result.csv
A,PU-EdgeFormer,16,glass_box,100,0.940152,pointnet2_results/x4_two_line_final/lineA_original_up/pu_edgeformer/lineA_original_up_pu_edgeformer_result.csv
A,PU-EdgeFormer,17,guitar,100,0.940556,pointnet2_results/x4_two_line_final/lineA_original_up/pu_edgeformer/lineA_original_up_pu_edgeformer_result.csv
A,PU-EdgeFormer,18,keyboard,20,1.0,pointnet2_results/x4_two_line_final/lineA_original_up/pu_edgeformer/lineA_original_up_pu_edgeformer_result.csv
A,PU-EdgeFormer,19,lamp,20,0.944444,pointnet2_results/x4_two_line_final/lineA_original_up/pu_edgeformer/lineA_original_up_pu_edgeformer_result.csv
A,PU-EdgeFormer,20,laptop,20,1.0,pointnet2_results/x4_two_line_final/lineA_original_up/pu_edgeformer/lineA_original_up_pu_edgeformer_result.csv
A,PU-EdgeFormer,21,mantel,100,0.979167,pointnet2_results/x4_two_line_final/lineA_original_up/pu_edgeformer/lineA_original_up_pu_edgeformer_result.csv
A,PU-EdgeFormer,22,monitor,100,0.966667,pointnet2_results/x4_two_line_final/lineA_original_up/pu_edgeformer/lineA_original_up_pu_edgeformer_result.csv
A,PU-EdgeFormer,23,night_stand,86,0.707639,pointnet2_results/x4_two_line_final/lineA_original_up/pu_edgeformer/lineA_original_up_pu_edgeformer_result.csv
A,PU-EdgeFormer,24,person,20,0.875,pointnet2_results/x4_two_line_final/lineA_original_up/pu_edgeformer/lineA_original_up_pu_edgeformer_result.csv
A,PU-EdgeFormer,25,piano,100,0.94,pointnet2_results/x4_two_line_final/lineA_original_up/pu_edgeformer/lineA_original_up_pu_edgeformer_result.csv
A,PU-EdgeFormer,26,plant,100,0.908333,pointnet2_results/x4_two_line_final/lineA_original_up/pu_edgeformer/lineA_original_up_pu_edgeformer_result.csv
A,PU-EdgeFormer,27,radio,20,0.75,pointnet2_results/x4_two_line_final/lineA_original_up/pu_edgeformer/lineA_original_up_pu_edgeformer_result.csv
A,PU-EdgeFormer,28,range_hood,100,0.95,pointnet2_results/x4_two_line_final/lineA_original_up/pu_edgeformer/lineA_original_up_pu_edgeformer_result.csv
A,PU-EdgeFormer,29,sink,20,0.7,pointnet2_results/x4_two_line_final/lineA_original_up/pu_edgeformer/lineA_original_up_pu_edgeformer_result.csv
A,PU-EdgeFormer,30,sofa,100,0.991667,pointnet2_results/x4_two_line_final/lineA_original_up/pu_edgeformer/lineA_original_up_pu_edgeformer_result.csv
A,PU-EdgeFormer,31,stairs,20,0.85,pointnet2_results/x4_two_line_final/lineA_original_up/pu_edgeformer/lineA_original_up_pu_edgeformer_result.csv
A,PU-EdgeFormer,32,stool,20,0.78125,pointnet2_results/x4_two_line_final/lineA_original_up/pu_edgeformer/lineA_original_up_pu_edgeformer_result.csv
A,PU-EdgeFormer,33,table,100,0.801667,pointnet2_results/x4_two_line_final/lineA_original_up/pu_edgeformer/lineA_original_up_pu_edgeformer_result.csv
A,PU-EdgeFormer,34,tent,20,0.84375,pointnet2_results/x4_two_line_final/lineA_original_up/pu_edgeformer/lineA_original_up_pu_edgeformer_result.csv
A,PU-EdgeFormer,35,toilet,100,0.975,pointnet2_results/x4_two_line_final/lineA_original_up/pu_edgeformer/lineA_original_up_pu_edgeformer_result.csv
A,PU-EdgeFormer,36,tv_stand,100,0.841667,pointnet2_results/x4_two_line_final/lineA_original_up/pu_edgeformer/lineA_original_up_pu_edgeformer_result.csv
A,PU-EdgeFormer,37,vase,100,0.841667,pointnet2_results/x4_two_line_final/lineA_original_up/pu_edgeformer/lineA_original_up_pu_edgeformer_result.csv
A,PU-EdgeFormer,38,wardrobe,20,0.7,pointnet2_results/x4_two_line_final/lineA_original_up/pu_edgeformer/lineA_original_up_pu_edgeformer_result.csv
A,PU-EdgeFormer,39,xbox,20,0.8,pointnet2_results/x4_two_line_final/lineA_original_up/pu_edgeformer/lineA_original_up_pu_edgeformer_result.csv
B,PU-EdgeFormer,0,airplane,100,1.0,pointnet2_results/x4_two_line_final/lineB_downsampled_x4_up/pu_edgeformer/lineB_downsampled_x4_up_pu_edgeformer_result.csv
B,PU-EdgeFormer,1,bathtub,50,0.911111,pointnet2_results/x4_two_line_final/lineB_downsampled_x4_up/pu_edgeformer/lineB_downsampled_x4_up_pu_edgeformer_result.csv
B,PU-EdgeFormer,2,bed,100,0.991667,pointnet2_results/x4_two_line_final/lineB_downsampled_x4_up/pu_edgeformer/lineB_downsampled_x4_up_pu_edgeformer_result.csv
B,PU-EdgeFormer,3,bench,20,0.642857,pointnet2_results/x4_two_line_final/lineB_downsampled_x4_up/pu_edgeformer/lineB_downsampled_x4_up_pu_edgeformer_result.csv
B,PU-EdgeFormer,4,bookshelf,100,0.960556,pointnet2_results/x4_two_line_final/lineB_downsampled_x4_up/pu_edgeformer/lineB_downsampled_x4_up_pu_edgeformer_result.csv
B,PU-EdgeFormer,5,bottle,100,0.969048,pointnet2_results/x4_two_line_final/lineB_downsampled_x4_up/pu_edgeformer/lineB_downsampled_x4_up_pu_edgeformer_result.csv
B,PU-EdgeFormer,6,bowl,20,1.0,pointnet2_results/x4_two_line_final/lineB_downsampled_x4_up/pu_edgeformer/lineB_downsampled_x4_up_pu_edgeformer_result.csv
B,PU-EdgeFormer,7,car,100,0.983333,pointnet2_results/x4_two_line_final/lineB_downsampled_x4_up/pu_edgeformer/lineB_downsampled_x4_up_pu_edgeformer_result.csv
B,PU-EdgeFormer,8,chair,100,0.983333,pointnet2_results/x4_two_line_final/lineB_downsampled_x4_up/pu_edgeformer/lineB_downsampled_x4_up_pu_edgeformer_result.csv
B,PU-EdgeFormer,9,cone,20,0.880952,pointnet2_results/x4_two_line_final/lineB_downsampled_x4_up/pu_edgeformer/lineB_downsampled_x4_up_pu_edgeformer_result.csv
B,PU-EdgeFormer,10,cup,20,0.65,pointnet2_results/x4_two_line_final/lineB_downsampled_x4_up/pu_edgeformer/lineB_downsampled_x4_up_pu_edgeformer_result.csv
B,PU-EdgeFormer,11,curtain,20,0.77381,pointnet2_results/x4_two_line_final/lineB_downsampled_x4_up/pu_edgeformer/lineB_downsampled_x4_up_pu_edgeformer_result.csv
B,PU-EdgeFormer,12,desk,86,0.854861,pointnet2_results/x4_two_line_final/lineB_downsampled_x4_up/pu_edgeformer/lineB_downsampled_x4_up_pu_edgeformer_result.csv
B,PU-EdgeFormer,13,door,20,0.90625,pointnet2_results/x4_two_line_final/lineB_downsampled_x4_up/pu_edgeformer/lineB_downsampled_x4_up_pu_edgeformer_result.csv
B,PU-EdgeFormer,14,dresser,86,0.858333,pointnet2_results/x4_two_line_final/lineB_downsampled_x4_up/pu_edgeformer/lineB_downsampled_x4_up_pu_edgeformer_result.csv
B,PU-EdgeFormer,15,flower_pot,20,0.166667,pointnet2_results/x4_two_line_final/lineB_downsampled_x4_up/pu_edgeformer/lineB_downsampled_x4_up_pu_edgeformer_result.csv
B,PU-EdgeFormer,16,glass_box,100,0.931061,pointnet2_results/x4_two_line_final/lineB_downsampled_x4_up/pu_edgeformer/lineB_downsampled_x4_up_pu_edgeformer_result.csv
B,PU-EdgeFormer,17,guitar,100,0.941111,pointnet2_results/x4_two_line_final/lineB_downsampled_x4_up/pu_edgeformer/lineB_downsampled_x4_up_pu_edgeformer_result.csv
B,PU-EdgeFormer,18,keyboard,20,1.0,pointnet2_results/x4_two_line_final/lineB_downsampled_x4_up/pu_edgeformer/lineB_downsampled_x4_up_pu_edgeformer_result.csv
B,PU-EdgeFormer,19,lamp,20,0.916667,pointnet2_results/x4_two_line_final/lineB_downsampled_x4_up/pu_edgeformer/lineB_downsampled_x4_up_pu_edgeformer_result.csv
B,PU-EdgeFormer,20,laptop,20,1.0,pointnet2_results/x4_two_line_final/lineB_downsampled_x4_up/pu_edgeformer/lineB_downsampled_x4_up_pu_edgeformer_result.csv
B,PU-EdgeFormer,21,mantel,100,0.965278,pointnet2_results/x4_two_line_final/lineB_downsampled_x4_up/pu_edgeformer/lineB_downsampled_x4_up_pu_edgeformer_result.csv
B,PU-EdgeFormer,22,monitor,100,0.975,pointnet2_results/x4_two_line_final/lineB_downsampled_x4_up/pu_edgeformer/lineB_downsampled_x4_up_pu_edgeformer_result.csv
B,PU-EdgeFormer,23,night_stand,86,0.711111,pointnet2_results/x4_two_line_final/lineB_downsampled_x4_up/pu_edgeformer/lineB_downsampled_x4_up_pu_edgeformer_result.csv
B,PU-EdgeFormer,24,person,20,0.96875,pointnet2_results/x4_two_line_final/lineB_downsampled_x4_up/pu_edgeformer/lineB_downsampled_x4_up_pu_edgeformer_result.csv
B,PU-EdgeFormer,25,piano,100,0.865,pointnet2_results/x4_two_line_final/lineB_downsampled_x4_up/pu_edgeformer/lineB_downsampled_x4_up_pu_edgeformer_result.csv
B,PU-EdgeFormer,26,plant,100,0.85,pointnet2_results/x4_two_line_final/lineB_downsampled_x4_up/pu_edgeformer/lineB_downsampled_x4_up_pu_edgeformer_result.csv
B,PU-EdgeFormer,27,radio,20,0.5,pointnet2_results/x4_two_line_final/lineB_downsampled_x4_up/pu_edgeformer/lineB_downsampled_x4_up_pu_edgeformer_result.csv
B,PU-EdgeFormer,28,range_hood,100,0.875,pointnet2_results/x4_two_line_final/lineB_downsampled_x4_up/pu_edgeformer/lineB_downsampled_x4_up_pu_edgeformer_result.csv
B,PU-EdgeFormer,29,sink,20,0.7,pointnet2_results/x4_two_line_final/lineB_downsampled_x4_up/pu_edgeformer/lineB_downsampled_x4_up_pu_edgeformer_result.csv
B,PU-EdgeFormer,30,sofa,100,0.991667,pointnet2_results/x4_two_line_final/lineB_downsampled_x4_up/pu_edgeformer/lineB_downsampled_x4_up_pu_edgeformer_result.csv
B,PU-EdgeFormer,31,stairs,20,0.9,pointnet2_results/x4_two_line_final/lineB_downsampled_x4_up/pu_edgeformer/lineB_downsampled_x4_up_pu_edgeformer_result.csv
B,PU-EdgeFormer,32,stool,20,0.75,pointnet2_results/x4_two_line_final/lineB_downsampled_x4_up/pu_edgeformer/lineB_downsampled_x4_up_pu_edgeformer_result.csv
B,PU-EdgeFormer,33,table,100,0.785,pointnet2_results/x4_two_line_final/lineB_downsampled_x4_up/pu_edgeformer/lineB_downsampled_x4_up_pu_edgeformer_result.csv
B,PU-EdgeFormer,34,tent,20,0.96875,pointnet2_results/x4_two_line_final/lineB_downsampled_x4_up/pu_edgeformer/lineB_downsampled_x4_up_pu_edgeformer_result.csv
B,PU-EdgeFormer,35,toilet,100,0.958333,pointnet2_results/x4_two_line_final/lineB_downsampled_x4_up/pu_edgeformer/lineB_downsampled_x4_up_pu_edgeformer_result.csv
B,PU-EdgeFormer,36,tv_stand,100,0.85,pointnet2_results/x4_two_line_final/lineB_downsampled_x4_up/pu_edgeformer/lineB_downsampled_x4_up_pu_edgeformer_result.csv
B,PU-EdgeFormer,37,vase,100,0.8,pointnet2_results/x4_two_line_final/lineB_downsampled_x4_up/pu_edgeformer/lineB_downsampled_x4_up_pu_edgeformer_result.csv
B,PU-EdgeFormer,38,wardrobe,20,0.6,pointnet2_results/x4_two_line_final/lineB_downsampled_x4_up/pu_edgeformer/lineB_downsampled_x4_up_pu_edgeformer_result.csv
B,PU-EdgeFormer,39,xbox,20,0.75,pointnet2_results/x4_two_line_final/lineB_downsampled_x4_up/pu_edgeformer/lineB_downsampled_x4_up_pu_edgeformer_result.csv
