line,method,group,metric,mean_delta_vs_original,bootstrap_ci_low,bootstrap_ci_high,median_delta_vs_original,improved_samples,improved_share_percent,n
lineB,EAR,downsampled_x4_up_ear_vs_gt,cd_total,0.03179051302435934,0.031343632326866315,0.03224125409734416,0.03150701118493539,2,0.08103727714748785,2468
lineB,EAR,downsampled_x4_up_ear_vs_gt,hd_total,0.08848855990395559,0.0864281478365852,0.09061311554874549,0.07967927876388911,5,0.2025931928687196,2468
lineB,EAR,downsampled_x4_up_ear_vs_gt,p2f_mean,-0.0026201746241428024,-0.0035637457527828162,-0.0017335719038012334,-0.0024839937686921016,1409,57.090761750405186,2468
lineB,EAR,downsampled_x4_up_ear_vs_gt,p2f_95,-0.00532374957210733,-0.006970191515619509,-0.0036716144624654103,-0.005286458879709202,1441,58.38735818476499,2468
lineB,EAR,downsampled_x4_up_ear_vs_gt,p2f_max,0.012519316700614711,0.010932079012906843,0.014139182443373552,0.0,1066,43.19286871961102,2468
lineB,EAR,downsampled_x4_up_ear_vs_gt,nuc_mean,-0.12166940748243776,-0.132556052862498,-0.11041107907747948,-0.10980491072496223,1661,67.30145867098865,2468
lineB,PU-Net,downsampled_x4_up_pu_net_vs_gt,cd_total,0.007349236773957133,0.007168653905183122,0.0075252317860859,0.0073062964044477464,93,3.768233387358185,2468
lineB,PU-Net,downsampled_x4_up_pu_net_vs_gt,hd_total,0.016960174821885967,0.01597203786645011,0.017981838881821668,0.012959621066613608,428,17.3419773095624,2468
lineB,PU-Net,downsampled_x4_up_pu_net_vs_gt,p2f_mean,-0.0023774423124608276,-0.002565418747847113,-0.002188738275912169,-0.0021830527111888,1732,70.17828200972447,2468
lineB,PU-Net,downsampled_x4_up_pu_net_vs_gt,p2f_95,-0.005683454964442006,-0.006163200299561494,-0.005209325235279471,-0.00580468121916055,1734,70.25931928687196,2468
lineB,PU-Net,downsampled_x4_up_pu_net_vs_gt,p2f_max,-0.0007224242377277571,-0.0014718082560999152,4.9425919526640854e-05,-0.0014294013381004056,1317,53.36304700162074,2468
lineB,PU-Net,downsampled_x4_up_pu_net_vs_gt,nuc_mean,-0.003919120535404787,-0.010364771956940624,0.0026759813662238507,-0.006924124465848613,1288,52.188006482982175,2468
lineB,PU-GCN,downsampled_x4_up_pu_gcn_vs_gt,cd_total,0.00519822641268348,0.005031767705850903,0.005366206924796148,0.004715648310017497,159,6.442463533225283,2468
lineB,PU-GCN,downsampled_x4_up_pu_gcn_vs_gt,hd_total,0.04485117735352587,0.04289764387990567,0.04689802219417338,0.03345243013492115,188,7.6175040518638575,2468
lineB,PU-GCN,downsampled_x4_up_pu_gcn_vs_gt,p2f_mean,0.0013608006356514977,0.0011940356466060332,0.001538839355493483,0.0015214262530207495,783,31.72609400324149,2468
lineB,PU-GCN,downsampled_x4_up_pu_gcn_vs_gt,p2f_95,0.0035851694813497812,0.00308716687268581,0.004089135245789003,0.0032049119472503454,794,32.17179902755267,2468
lineB,PU-GCN,downsampled_x4_up_pu_gcn_vs_gt,p2f_max,0.024913431815063426,0.023712159956439747,0.026146197035784927,0.01987451314926149,407,16.491085899513777,2468
lineB,PU-GCN,downsampled_x4_up_pu_gcn_vs_gt,nuc_mean,0.437652783163059,0.4216275748019832,0.45397962157646116,0.35049700045404464,100,4.051863857374392,2468
lineB,PDANS,downsampled_x4_up_pdans_vs_gt,cd_total,0.013589322267642957,0.013368621421409415,0.013810136644545307,0.013014202291110048,6,0.24311183144246357,2468
lineB,PDANS,downsampled_x4_up_pdans_vs_gt,hd_total,0.08603173120352484,0.08403587786526309,0.08814999327927342,0.0770278839766215,12,0.48622366288492713,2468
lineB,PDANS,downsampled_x4_up_pdans_vs_gt,p2f_mean,-0.002969161705155457,-0.0031943513393237763,-0.002751827248440723,-0.0025946423411368907,1775,71.92058346839546,2468
lineB,PDANS,downsampled_x4_up_pdans_vs_gt,p2f_95,-0.006377296336504633,-0.006960779095146499,-0.00577105038145429,-0.004772841930389397,1915,77.59319286871961,2468
lineB,PDANS,downsampled_x4_up_pdans_vs_gt,p2f_max,0.0004369353734385482,-0.000725980316789902,0.0016554148339234707,-0.003934912383556352,1737,70.3808752025932,2468
lineB,PDANS,downsampled_x4_up_pdans_vs_gt,nuc_mean,-0.03667331852095364,-0.075426242972615,0.003387861036663665,-0.06187989547835915,1393,56.442463533225286,2468
lineB_baseline,Downsampled x4,downsampled_x4_baseline_vs_gt,cd_total,0.027933587268167342,0.02764331145688996,0.028213089460278555,0.028708862271846703,0,0.0,2468
lineB_baseline,Downsampled x4,downsampled_x4_baseline_vs_gt,hd_total,0.09467175091222084,0.09276915473690767,0.0966378094241445,0.0871221030650758,2,0.08103727714748785,2468
lineB_baseline,Downsampled x4,downsampled_x4_baseline_vs_gt,p2f_mean,0.0001231569475479247,-4.3221207460968094e-05,0.0002862347089825153,6.58407807350497e-05,1196,48.46029173419773,2468
lineB_baseline,Downsampled x4,downsampled_x4_baseline_vs_gt,p2f_95,-0.0011404368325855087,-0.0015688506864759205,-0.0007210401959948956,0.0,1099,44.52998379254457,2468
lineB_baseline,Downsampled x4,downsampled_x4_baseline_vs_gt,p2f_max,-0.007523988614332784,-0.0080042050113657,-0.007050067228610393,-0.0021225064992904524,1754,71.06969205834685,2468
lineB_baseline,Downsampled x4,downsampled_x4_baseline_vs_gt,nuc_mean,1.00068207015248,0.9759864338308345,1.0252040473232156,0.8784067866590006,29,1.1750405186385737,2468
lineA,EAR,original_up_ear_vs_gt,cd_total,-0.0005083603348029488,-0.0006553215503584381,-0.0003563686204413075,-0.0006447460202105501,1438,58.26580226904377,2468
lineA,EAR,original_up_ear_vs_gt,hd_total,-0.002504006544033162,-0.0032106701279442924,-0.0017731942509579257,0.0,1177,47.6904376012966,2468
lineA,EAR,original_up_ear_vs_gt,p2f_mean,-0.0007703541994066154,-0.0017584881636104079,0.00015855408601940144,-0.0023109163157642,1500,60.777957860615885,2468
lineA,EAR,original_up_ear_vs_gt,p2f_95,-0.007175458749779613,-0.008378168479014925,-0.005948464996395109,-0.005908824503421752,1643,66.57212317666126,2468
lineA,EAR,original_up_ear_vs_gt,p2f_max,0.007867386912914956,0.007185282457815754,0.0085820186633588,0.0,0,0.0,2468
lineA,EAR,original_up_ear_vs_gt,nuc_mean,-0.27053501594306006,-0.28194086440870986,-0.25923637301861613,-0.277604519539762,2127,86.18314424635332,2468
lineA,PU-Net,original_up_pu_net_vs_gt,cd_total,-0.005621438420776101,-0.005861528043481447,-0.005382224033094199,-0.006018180226716147,2063,83.58995137763371,2468
lineA,PU-Net,original_up_pu_net_vs_gt,hd_total,-0.007194881984385545,-0.007795897541821162,-0.006569914636586085,-0.008427001012239352,1833,74.27066450567261,2468
lineA,PU-Net,original_up_pu_net_vs_gt,p2f_mean,-0.0024910587478750566,-0.0026654558652896626,-0.0023163090450544844,-0.0025715827941894948,1789,72.48784440842788,2468
lineA,PU-Net,original_up_pu_net_vs_gt,p2f_95,-0.005332919146629378,-0.005759320812932114,-0.004900121336660481,-0.0055551677942276,1770,71.71799027552674,2468
lineA,PU-Net,original_up_pu_net_vs_gt,p2f_max,0.00566679254103289,0.004966395068385396,0.006370158603207722,0.004317462444305406,974,39.46515397082658,2468
lineA,PU-Net,original_up_pu_net_vs_gt,nuc_mean,-0.4771339236321327,-0.4847911747071158,-0.46943511821782535,-0.4634290024270521,2463,99.79740680713128,2468
lineA,PU-GCN,original_up_pu_gcn_vs_gt,cd_total,-0.013402833479478363,-0.013571551833923823,-0.013226877229551424,-0.013815274360837949,2462,99.75688816855754,2468
lineA,PU-GCN,original_up_pu_gcn_vs_gt,hd_total,-0.030022324369381497,-0.030898169914342563,-0.029154628120270247,-0.030620546792691106,2292,92.86871961102106,2468
lineA,PU-GCN,original_up_pu_gcn_vs_gt,p2f_mean,-0.0012288936560051254,-0.001441622563807416,-0.0010193728985449994,-0.00017360597848890477,1287,52.147487844408424,2468
lineA,PU-GCN,original_up_pu_gcn_vs_gt,p2f_95,-0.0007586007619109096,-0.001198051335243188,-0.00032145018383248887,0.00018393434584140084,1184,47.9740680713128,2468
lineA,PU-GCN,original_up_pu_gcn_vs_gt,p2f_max,0.01941191850832363,0.018711562425757017,0.02009430331667822,0.015056692063808434,128,5.186385737439222,2468
lineA,PU-GCN,original_up_pu_gcn_vs_gt,nuc_mean,-0.5668819907908764,-0.5904289296791116,-0.5427925213010996,-0.47891145434126636,2232,90.43760129659644,2468
lineA,PDANS,original_up_pdans_vs_gt,cd_total,-0.008735125122880114,-0.008856172527967086,-0.008617099810648532,-0.008774993240754852,2467,99.95948136142626,2468
lineA,PDANS,original_up_pdans_vs_gt,hd_total,-0.004300107008252911,-0.004700772128408768,-0.0038553343913860405,-0.003334510088054847,1982,80.30794165316046,2468
lineA,PDANS,original_up_pdans_vs_gt,p2f_mean,-0.0013591973018580417,-0.001457423401160264,-0.0012586659421595981,-0.0012705125845968506,1898,76.90437601296597,2468
lineA,PDANS,original_up_pdans_vs_gt,p2f_95,-0.00301145680459681,-0.003246751870243297,-0.0027792682557684144,-0.0027894191443920482,1953,79.13290113452189,2468
lineA,PDANS,original_up_pdans_vs_gt,p2f_max,0.0007691432814743217,0.0003388278404717906,0.001232765455108747,-0.0017144009470939636,1704,69.04376012965965,2468
lineA,PDANS,original_up_pdans_vs_gt,nuc_mean,-0.42291548099152676,-0.43101290279993576,-0.414851253369009,-0.41914690631756646,2460,99.67585089141005,2468
lineB,PU-EdgeFormer,downsampled_x4_up_pu_edgeformer_vs_gt,cd_total,0.013731542236705661,0.013535808467772262,0.01393447976099622,0.013695419475599647,1,0.04051863857374392,2468
lineB,PU-EdgeFormer,downsampled_x4_up_pu_edgeformer_vs_gt,hd_total,0.0738786307965106,0.07206952196946562,0.07584625586214337,0.06616703300278684,18,0.7293354943273906,2468
lineB,PU-EdgeFormer,downsampled_x4_up_pu_edgeformer_vs_gt,p2f_mean,0.0020318556546967187,0.0018514043910531138,0.0022132028918057664,0.0017863987013698006,711,28.808752025931927,2468
lineB,PU-EdgeFormer,downsampled_x4_up_pu_edgeformer_vs_gt,p2f_95,0.004477205696931589,0.004005031211710082,0.004944074326586804,0.004146350547671349,688,27.876823338735818,2468
lineB,PU-EdgeFormer,downsampled_x4_up_pu_edgeformer_vs_gt,p2f_max,0.028275149338916426,0.027350129959061425,0.02917389882142796,0.028586402535438482,245,9.927066450567262,2468
lineB,PU-EdgeFormer,downsampled_x4_up_pu_edgeformer_vs_gt,nuc_mean,0.04056846963064305,0.0336223098104719,0.047692549635346686,0.03262584967498122,988,40.032414910858996,2468
lineA,PU-EdgeFormer,original_up_pu_edgeformer_vs_gt,cd_total,-0.008904945549403187,-0.009004735907451203,-0.008800221946819689,-0.009105205781863801,2468,100.0,2468
lineA,PU-EdgeFormer,original_up_pu_edgeformer_vs_gt,hd_total,-0.006803986241833395,-0.007088963072751098,-0.006534270772710854,-0.006119469401435401,2111,85.53484602917342,2468
lineA,PU-EdgeFormer,original_up_pu_edgeformer_vs_gt,p2f_mean,-0.0002404469986313374,-0.00027365151676868294,-0.0002058414465628353,-0.0002411855384707529,1535,62.19611021069692,2468
lineA,PU-EdgeFormer,original_up_pu_edgeformer_vs_gt,p2f_95,-0.0011837587206370852,-0.0013221769841581072,-0.0010435470081421438,-0.001252681016922011,1590,64.42463533225283,2468
lineA,PU-EdgeFormer,original_up_pu_edgeformer_vs_gt,p2f_max,0.0097975382340598,0.009453907028560238,0.01013400607782558,0.008508659899234702,254,10.291734197730957,2468
lineA,PU-EdgeFormer,original_up_pu_edgeformer_vs_gt,nuc_mean,-0.4076213429496597,-0.4157523567255853,-0.39995256163803644,-0.38260521562485267,2467,99.95948136142626,2468
