line,metric,method,winner_samples,winner_share_percent,n
A,CD_L2,EAR,3,0.12155591572123178,2468
A,CD_L2,PDANS,49,1.985413290113452,2468
A,CD_L2,PU-Net,53,2.147487844408428,2468
A,CD_L2,PU-GCN,2319,93.96272285251216,2468
A,CD_L2,PU-EdgeFormer,44,1.7828200972447326,2468
A,HD,EAR,91,3.687196110210697,2468
A,HD,PDANS,84,3.403565640194489,2468
A,HD,PU-Net,309,12.520259319286872,2468
A,HD,PU-GCN,1793,72.64991896272285,2468
A,HD,PU-EdgeFormer,191,7.7390599675850895,2468
A,abs_NUC_deviation,EAR,249,10.089141004862237,2468
A,abs_NUC_deviation,PDANS,686,27.79578606158833,2468
A,abs_NUC_deviation,PU-Net,735,29.78119935170178,2468
A,abs_NUC_deviation,PU-GCN,153,6.19935170178282,2468
A,abs_NUC_deviation,PU-EdgeFormer,645,26.13452188006483,2468
B,CD_L2,EAR,0,0.0,2468
B,CD_L2,PDANS,30,1.2155591572123177,2468
B,CD_L2,PU-Net,95,3.8492706645056725,2468
B,CD_L2,PU-GCN,2303,93.31442463533224,2468
B,CD_L2,PU-EdgeFormer,40,1.6207455429497568,2468
B,HD,EAR,1,0.04051863857374392,2468
B,HD,PDANS,4,0.1620745542949757,2468
B,HD,PU-Net,2218,89.87034035656401,2468
B,HD,PU-GCN,237,9.60291734197731,2468
B,HD,PU-EdgeFormer,8,0.3241491085899514,2468
B,abs_NUC_deviation,EAR,382,15.478119935170179,2468
B,abs_NUC_deviation,PDANS,167,6.766612641815235,2468
B,abs_NUC_deviation,PU-Net,900,36.466774716369535,2468
B,abs_NUC_deviation,PU-GCN,139,5.632090761750405,2468
B,abs_NUC_deviation,PU-EdgeFormer,880,35.65640194489465,2468
