method,value,metric,higher_is_better,line,rank
PU-GCN,91.63,Best OA,True,A,1.0
PDANS,91.62,Best OA,True,A,2.0
EAR,91.48,Best OA,True,A,3.0
PU-Net,90.95,Best OA,True,A,4.0
PU-EdgeFormer,90.54,Best OA,True,A,5.0
EAR,0.0547220969167973,CD_L2,False,A,5.0
PDANS,0.046821465771539,CD_L2,False,A,3.0
PU-Net,0.0497190599554585,CD_L2,False,A,4.0
PU-GCN,0.0423055289866754,CD_L2,False,A,1.0
PU-EdgeFormer,0.0466661197382658,CD_L2,False,A,2.0
EAR,0.1153959026235229,HD,False,A,5.0
PDANS,0.1135099442922208,HD,False,A,4.0
PU-Net,0.1111772300407302,HD,False,A,3.0
PU-GCN,0.0932191592465987,HD,False,A,1.0
PU-EdgeFormer,0.1109319154996217,HD,False,A,2.0
EAR,0.20231791549693,abs_NUC_deviation,False,A,4.0
PDANS,0.0725195588700185,abs_NUC_deviation,False,A,3.0
PU-Net,0.0672624945759786,abs_NUC_deviation,False,A,1.0
PU-GCN,0.3960386808575563,abs_NUC_deviation,False,A,5.0
PU-EdgeFormer,0.0689500241497112,abs_NUC_deviation,False,A,2.0
PU-Net,91.27,Best OA,True,B,1.0
PDANS,90.34,Best OA,True,B,2.0
PU-GCN,90.06,Best OA,True,B,3.0
PU-EdgeFormer,89.32,Best OA,True,B,4.0
EAR,88.81,Best OA,True,B,5.0
EAR,0.0767428635713631,CD_L2,False,B,5.0
PDANS,0.0626955587679106,CD_L2,False,B,3.0
PU-Net,0.0645732583977215,CD_L2,False,B,4.0
PU-GCN,0.0558021452294159,CD_L2,False,B,1.0
PU-EdgeFormer,0.061899884318555,CD_L2,False,B,2.0
EAR,0.1931824803535272,HD,False,B,5.0
PDANS,0.190541259619992,HD,False,B,4.0
PU-Net,0.1083193531645992,HD,False,B,1.0
PU-GCN,0.1514032341157606,HD,False,B,2.0
PU-EdgeFormer,0.1775717231699789,HD,False,B,3.0
EAR,0.2294084279586987,abs_NUC_deviation,False,B,3.0
PDANS,0.7141450313634824,abs_NUC_deviation,False,B,5.0
PU-Net,0.1154224950397562,abs_NUC_deviation,False,B,1.0
PU-GCN,0.4461711365922042,abs_NUC_deviation,False,B,4.0
PU-EdgeFormer,0.1233377743429293,abs_NUC_deviation,False,B,2.0
