line,method,points,best_epoch,best_oa_percent,macc_at_best_oa_percent,final_oa_percent,final_train_accuracy_percent,final_train_test_gap_pp,last20_test_oa_mean_percent,last20_test_oa_std_pp,last20_test_oa_min_percent,last20_test_oa_max_percent
A,Original,1024,85,91.95,88.0,91.31,97.82,6.509999999999991,91.17599999999999,0.2306603791861882,90.66,91.60000000000001
A,EAR,4096,61,91.47999999999999,88.19,90.85,99.08,8.230000000000004,90.502,0.3468292466269106,89.91,91.03
A,PDANS,4096,84,91.62,88.44,90.86999999999999,99.31,8.440000000000012,91.0115,0.2428617757187494,90.52,91.4
A,PU-Net,4096,189,90.95,87.46000000000001,90.55,99.51,8.960000000000008,90.352,0.2685947838189286,89.72,90.95
A,PU-GCN,4096,81,91.63,87.74,91.0,99.36,8.36,90.8945,0.3192503554793392,90.28,91.53
A,PU-EdgeFormer,4096,83,90.53999999999999,86.35000000000001,90.13,99.51,9.38000000000001,90.07799999999997,0.19250700602425044,89.72,90.36999999999999
B,Sparse,256,124,90.85,87.37,90.46,92.97999999999999,2.519999999999996,90.32300000000001,0.19849698393572437,89.94,90.74
B,EAR,1024,116,88.81,84.5,88.02,96.86,8.840000000000003,88.10549999999999,0.2522211853032791,87.64999999999999,88.58
B,PDANS,1024,145,90.34,86.2,89.46,98.22999999999999,8.769999999999996,89.52850000000001,0.29347778540515745,88.98,90.14999999999999
B,PU-Net,1024,148,91.27,87.86,90.64999999999999,97.89,7.240000000000009,90.85249999999999,0.18920540217056753,90.51,91.16
B,PU-GCN,1024,164,90.06,86.41,89.63,97.78,8.150000000000006,89.5575,0.15837580224529874,89.3,89.8
B,PU-EdgeFormer,1024,194,89.32,85.21,88.58,98.16,9.579999999999998,88.76750000000001,0.3108710174231173,88.3,89.32
control,Mesh-ref 256,256,129,90.88000000000001,86.33999999999999,90.38000000000001,93.10000000000001,2.719999999999999,90.328,0.1682604497419634,90.09,90.74
control,Mesh-ref 4096,4096,148,92.0,88.7,91.18,99.49,8.309999999999988,91.2045,0.23807285483760432,90.69,91.59
