variant,line,method,track,recall_rcnn_0.3,recall_rcnn_0.5,recall_rcnn_0.7,predicted_objects_per_frame,car_3d_ap_r40_easy,car_3d_ap_r40_moderate,car_3d_ap_r40_hard,pedestrian_3d_ap_r40_easy,pedestrian_3d_ap_r40_moderate,pedestrian_3d_ap_r40_hard,cyclist_3d_ap_r40_easy,cyclist_3d_ap_r40_moderate,cyclist_3d_ap_r40_hard,car_prediction_count,car_score_median,car_score_ge_0p5_count,pedestrian_prediction_count,pedestrian_score_median,pedestrian_score_ge_0p5_count,cyclist_prediction_count,cyclist_score_median,cyclist_score_ge_0p5_count
original_baseline,baseline_a,none,baseline,0.942362,0.895375,0.682253,24.603,88.3907,79.2773,76.7371,54.0374,50.6533,46.2523,79.2441,64.6054,60.9897,60369,0.167962,13541,26145,0.144576,2478,6213,0.142259,665
downsampled_x4_baseline,baseline_b,none,baseline,0.832099,0.760052,0.551885,25.444,81.4003,64.5979,59.9701,27.1962,24.569,21.6725,25.8052,15.4577,14.4921,60847,0.154415,9403,28353,0.138145,1277,6699,0.136211,204
original_x4_pdans,line_a,pdans,exact4n_e1,0.857501,0.796503,0.563618,38.194,82.3485,64.3574,60.7386,49.6498,45.191,41.7179,71.0767,45.8953,43.1884,105294,0.15078,11878,25569,0.139279,1916,13090,0.137865,648
original_x4_pu_gcn,line_a,pu_gcn,exact4n_e1,0.807096,0.745187,0.52039,30.374,79.2767,58.8955,55.8433,46.941,44.147,40.5713,70.7195,44.3082,41.8581,83859,0.149673,10202,17657,0.139775,1609,12964,0.138557,636
original_x4_pu_edgeformer,line_a,pu_edgeformer,exact4n_e1,0.713578,0.645746,0.421403,32.123,66.2818,45.7342,42.5014,41.9623,36.8205,33.6485,55.6226,35.2235,33.5295,71876,0.149873,8197,25683,0.134666,1420,23511,0.137955,678
original_x4_pu_net,line_a,pu_net,exact4n_e1,0.537647,0.420834,0.193644,41.864,16.0524,10.7512,10.0669,22.1946,19.493,17.0939,20.8415,13.1928,12.8901,94124,0.142101,5172,41222,0.132469,1010,22440,0.134653,487
downsampled_x4_pdans,line_b,pdans,exact4n_e1,0.745472,0.658503,0.431598,32.942,69.6323,46.7512,42.5913,31.4231,28.1789,24.7519,28.1268,15.5186,14.895,86923,0.146303,8616,27297,0.136654,1438,9937,0.135296,322
downsampled_x4_pu_gcn,line_b,pu_gcn,exact4n_e1,0.646999,0.566636,0.366557,26.133,60.4242,39.0714,34.9701,27.7445,24.9302,21.5782,30.9741,16.8458,16.1926,67276,0.143528,6698,19997,0.134151,1068,11224,0.135128,286
downsampled_x4_pu_edgeformer,line_b,pu_edgeformer,exact4n_e1,0.54021,0.454778,0.256977,23.21,39.3797,24.7476,21.6641,17.4034,15.5896,13.6341,13.4867,7.0374,6.9251,51194,0.143934,4631,20078,0.13257,665,16206,0.134436,257
downsampled_x4_pu_net,line_b,pu_net,exact4n_e1,0.481604,0.379143,0.185443,35.981,17.5338,11.7178,10.4361,14.0456,11.9174,10.5538,8.7358,5.0172,4.723,89379,0.136315,4324,29502,0.130508,645,16733,0.132032,242
