line,method,method_key,points,reference,cd_vs_original,cd_std,hd_vs_original,hd_std,nuc,nuc_std,delta_nuc_vs_original,valid_samples
A,Original,original,1024,Original 1024,0.0,0.0,0.0,0.0,1.0807565737823341,0.2968636832579188,0.0,2468
A,EAR,ear,4096,Original 1024,0.02917141620409104,0.008087449414847772,0.09892627924538609,0.03342289773984517,0.8147337969221109,0.19763707766694427,-0.26602277686022346,2468
A,PDANS,pdans,4096,Original 1024,0.025907165228941757,0.006375436278740312,0.08382228427504387,0.02713932821616296,0.6615573494801539,0.2207664649700145,-0.41919922430218043,2468
A,PU-Net,pu_net,4096,Original 1024,0.051957494675381834,0.009211049448208854,0.08813464356204782,0.017386022534758284,0.6064154950966455,0.14311192447466436,-0.47434107868568887,2468
A,PU-GCN,pu_gcn,4096,Original 1024,0.03471036343039391,0.009140355497821254,0.10187475384603077,0.02769835809654769,0.5229966150254169,0.4900727525406424,-0.5577599587569175,2468
A,PU-EdgeFormer,pu_edgeformer,4096,Original 1024,0.030342963397725384,0.005605242377135988,0.045665118914167704,0.009979196001028468,0.6746656106671796,0.12893151409021797,-0.40609096311515486,2468
B,Original,original,1024,Original 1024,0.0,0.0,0.0,0.0,1.0807565737823344,0.2968636832579188,0.0,2468
B,Downsampled ×4,downsampled_x4,256,Original 1024,0.04639590299783006,0.01233567473228957,0.19858699455920312,0.06308763429156998,2.087969474120205,0.7768351932446916,1.0072129003378705,2468
B,EAR,ear,1024,Original 1024,0.07674286357136324,0.019934111864853783,0.19318248035352725,0.0648933303616692,0.9614513297138316,0.18654461431233912,-0.11930524406850268,2468
B,PDANS,pdans,1024,Original 1024,0.06269555876791069,0.01674262591031227,0.19054125961999208,0.06375808090135783,1.065491553191282,0.9550220179115747,-0.015265020591052291,2468
B,PU-Net,pu_net,1024,Original 1024,0.06457325839772161,0.01213383727351304,0.10831935316459926,0.04025581083982142,1.0841171373901914,0.31827810602131396,0.0033605636078569614,2468
B,PU-GCN,pu_gcn,1024,Original 1024,0.05580214522941596,0.014070183874088262,0.15140323411576062,0.05872546296046364,1.512887101598221,0.6019036987075921,0.4321305278158868,2468
B,PU-EdgeFormer,pu_edgeformer,1024,Original 1024,0.061899884318555115,0.01533649521955033,0.17757172316997902,0.060158196841821734,1.1213714443269256,0.3207174544510578,0.0406148705445912,2468
