group,method,source_point_count,CD,delta_CD_vs_original,HD,delta_HD_vs_original,exact_P2F,delta_P2F_vs_original,NUC,delta_NUC_vs_original,valid_samples
Original baseline,Original baseline,1024,0.04954787177610021,0.0,0.11972019562324597,0.0,0.08246926348028343,0.0,1.0619430135945882,0.0,12311
Downsampled x4 + EAR,EAR,1024,0.0813563966469725,0.03180852487087229,0.20879327912833842,0.08907308350509245,0.08115380757410291,-0.0013154559061805127,0.9577950867942319,-0.10414792680035634,12311
Downsampled x4 + PDANS,PDANS,1024,0.0631374116132111,0.013589539837110885,0.2059271465456305,0.08620695092238452,0.07958593782259225,-0.0028833256576911714,1.0899236440044222,0.027980630409834006,12311
Downsampled x4 + PU-Net,PU-Net,1024,0.05711532677016791,0.0075674549940676974,0.1376742752104174,0.01795407958717142,0.08006658204365182,-0.0024026814366316096,1.058211690705892,-0.0037313228886961536,12311
Downsampled x4 + PU-GCN,PU-GCN,1024,0.054826907035719186,0.0052790352596189735,0.16521161166932422,0.045491416046078245,0.08377861363436016,0.0013093501540767383,1.4864687463987774,0.42452573280418915,12311
Downsampled x4 + PU-EdgeFormer,PU-EdgeFormer,1024,0.06299437343193623,0.013446501655836017,0.19346721854785728,0.07374702292461131,0.08418434170448584,0.0017150782242024154,1.0978661613061753,0.03592314771158711,12311
Downsampled x4 baseline,Downsampled x4 baseline,256,0.07712293021476044,0.027575058438660226,0.21425127871812702,0.09453108309488105,0.08249026548917898,2.1002008895557034e-05,2.0492888877674575,0.9873458741728693,12311
Original + EAR,EAR,4096,0.049196694146511157,-0.00035117762958905563,0.11740812648512587,-0.0023120691381200986,0.08236956640851828,-9.96970717651452e-05,0.806502459298751,-0.25544055429583723,12311
Original + PDANS,PDANS,4096,0.04101784375642294,-0.008530028019677269,0.11543654919397003,-0.004283646429275936,0.08115920089797811,-0.0013100625823053158,0.6468133885400085,-0.41512962505457973,12311
Original + PU-Net,PU-Net,4096,0.04452501872658272,-0.005022853049517495,0.11404317384324736,-0.005677021779998612,0.08004264595539201,-0.002426617524891414,0.5919424725643085,-0.47000054103027966,12311
Original + PU-GCN,PU-GCN,4096,0.036304399467563635,-0.013243472308536577,0.09093287558954531,-0.02878732003370066,0.08142620999973965,-0.0010430534805437736,0.5513042673706954,-0.5106387462238928,12311
Original + PU-EdgeFormer,PU-EdgeFormer,4096,0.04077936201504986,-0.008768509761050355,0.11305019181668036,-0.006670003806565614,0.08215146812883385,-0.0003177953514495735,0.6648188507279024,-0.39712416286668584,12311
