line,branch,method,input_point_count,upsampling_factor,data_root,output_dir,overall_accuracy,class_avg_accuracy,loss,checkpoint,status,note
A,baseline,original,1024,1,/home/woody/iwnt/iwnt189h/thesis_pointcloud/modelnet40_pointnet2_upsampling/pointnet2_inputs/lineA_original_baseline,/home/woody/iwnt/iwnt189h/thesis_pointcloud/modelnet40_pointnet2_upsampling/pointnet2_results/lineA_original_baseline,0.9195,,,outputs/original_baseline/checkpoints/best_model.pth,completed,Reuse original_baseline if completed
A,upsampling,EAR,4096,4,/home/woody/iwnt/iwnt189h/thesis_pointcloud/modelnet40_pointnet2_upsampling/pointnet2_inputs/lineA_original_up/ear,/home/woody/iwnt/iwnt189h/thesis_pointcloud/modelnet40_pointnet2_upsampling/pointnet2_results/lineA_original_up_ear,91.4800,,,/home/woody/iwnt/iwnt189h/thesis_pointcloud/modelnet40_pointnet2_upsampling/outputs/original_ear_x4_pointnet2/checkpoints/best_model.pth,completed,
A,upsampling,PU-Net,4096,4,/home/woody/iwnt/iwnt189h/thesis_pointcloud/modelnet40_pointnet2_upsampling/pointnet2_inputs/lineA_original_up/pu_net,/home/woody/iwnt/iwnt189h/thesis_pointcloud/modelnet40_pointnet2_upsampling/pointnet2_results/lineA_original_up_pu_net,,,,,blocked,
A,upsampling,PU-GCN,4096,4,/home/woody/iwnt/iwnt189h/thesis_pointcloud/modelnet40_pointnet2_upsampling/pointnet2_inputs/lineA_original_up/pu_gcn,/home/woody/iwnt/iwnt189h/thesis_pointcloud/modelnet40_pointnet2_upsampling/pointnet2_results/lineA_original_up_pu_gcn,,,,,blocked,
A,upsampling,PDANS,4096,4,/home/woody/iwnt/iwnt189h/thesis_pointcloud/modelnet40_pointnet2_upsampling/pointnet2_inputs/lineA_original_up/pdans,/home/woody/iwnt/iwnt189h/thesis_pointcloud/modelnet40_pointnet2_upsampling/pointnet2_results/lineA_original_up_pdans,91.6200,,,/home/woody/iwnt/iwnt189h/thesis_pointcloud/modelnet40_pointnet2_upsampling/outputs/original_pdans_x4_pointnet2/checkpoints/best_model.pth,completed,
B,baseline,downsampled_x4,256,1,/home/woody/iwnt/iwnt189h/thesis_pointcloud/modelnet40_pointnet2_upsampling/pointnet2_inputs/lineB_downsampled_x4_baseline,/home/woody/iwnt/iwnt189h/thesis_pointcloud/modelnet40_pointnet2_upsampling/pointnet2_results/lineB_downsampled_x4_baseline,,,,,pending,Legacy downsampled50_native512 (512 pts) exists but is OLD protocol
B,upsampling,EAR,1024,4,/home/woody/iwnt/iwnt189h/thesis_pointcloud/modelnet40_pointnet2_upsampling/pointnet2_inputs/lineB_downsampled_x4_up/ear,/home/woody/iwnt/iwnt189h/thesis_pointcloud/modelnet40_pointnet2_upsampling/pointnet2_results/lineB_downsampled_x4_up_ear,,,,,pending,Legacy downsampled50_ear_x4_pointnet2 (512→2048) exists — NOT valid for new Line B
B,upsampling,PU-Net,1024,4,/home/woody/iwnt/iwnt189h/thesis_pointcloud/modelnet40_pointnet2_upsampling/pointnet2_inputs/lineB_downsampled_x4_up/pu_net,/home/woody/iwnt/iwnt189h/thesis_pointcloud/modelnet40_pointnet2_upsampling/pointnet2_results/lineB_downsampled_x4_up_pu_net,,,,,pending,Legacy downsampled50_punet_x4_pointnet2 (512→2048) exists — NOT valid for new Line B
B,upsampling,PU-GCN,1024,4,/home/woody/iwnt/iwnt189h/thesis_pointcloud/modelnet40_pointnet2_upsampling/pointnet2_inputs/lineB_downsampled_x4_up/pu_gcn,/home/woody/iwnt/iwnt189h/thesis_pointcloud/modelnet40_pointnet2_upsampling/pointnet2_results/lineB_downsampled_x4_up_pu_gcn,,,,,pending,Legacy downsampled50_pugcn_x4_pointnet2 (512→2048) exists — NOT valid for new Line B
B,upsampling,PDANS,1024,4,/home/woody/iwnt/iwnt189h/thesis_pointcloud/modelnet40_pointnet2_upsampling/pointnet2_inputs/lineB_downsampled_x4_up/pdans,/home/woody/iwnt/iwnt189h/thesis_pointcloud/modelnet40_pointnet2_upsampling/pointnet2_results/lineB_downsampled_x4_up_pdans,,,,,pending,Legacy downsampled50_pdans_x4_pointnet2 (512→2048) exists — NOT valid for new Line B
