line,method,point_count,baseline_reference,final_test_overall_accuracy,final_test_class_accuracy,best_overall_accuracy,best_class_accuracy,delta_best_overall_vs_line_baseline_pp,delta_final_overall_vs_line_baseline_pp,status,metrics_json_path
A,Original baseline 1024,1024,Original baseline 1024,0.9131067961165049,0.8719783355231726,0.9194983818770229,0.8800054519252889,0.0,0.0,PASS,/home/woody/iwnt/iwnt189h/thesis_pointcloud/modelnet40_pointnet2_upsampling/pointnet2_results/x4_two_line_final/lineA_original_baseline/metrics.json
A,Original + EAR 4096,4096,Original baseline 1024,0.908495145631068,0.8729918831168831,0.9148058252427184,0.881927895021645,-0.004692556634304568,-0.00461165048543688,PASS,/home/woody/iwnt/iwnt189h/thesis_pointcloud/modelnet40_pointnet2_upsampling/pointnet2_results/x4_two_line_final/lineA_original_up/ear/metrics.json
A,Original + PDANS 4096,4096,Original baseline 1024,0.9087378640776697,0.8793242243867244,0.916181229773463,0.8843892045454546,-0.003317152103559984,-0.00436893203883526,PASS,/home/woody/iwnt/iwnt189h/thesis_pointcloud/modelnet40_pointnet2_upsampling/pointnet2_results/x4_two_line_final/lineA_original_up/pdans/metrics.json
A,Original + PU-Net 4096,4096,Original baseline 1024,0.9055016181229774,0.8704233405483404,0.9094660194174755,0.874631673881674,-0.010032362459547417,-0.0076051779935275565,PASS,/home/woody/iwnt/iwnt189h/thesis_pointcloud/modelnet40_pointnet2_upsampling/pointnet2_results/x4_two_line_final/lineA_original_up/pu_net/metrics.json
A,Original + PU-GCN 4096,4096,Original baseline 1024,0.9099514563106795,0.8725613275613278,0.9163430420711974,0.877363410894661,-0.0031553398058254967,-0.0031553398058253856,PASS,/home/woody/iwnt/iwnt189h/thesis_pointcloud/modelnet40_pointnet2_upsampling/pointnet2_results/x4_two_line_final/lineA_original_up/pu_gcn/metrics.json
B,Downsampled x4 baseline 256,256,Downsampled x4 baseline 256,0.9046116504854369,0.8752207304359765,0.908495145631068,0.873665174880421,0.0,0.0,PASS,/home/woody/iwnt/iwnt189h/thesis_pointcloud/modelnet40_pointnet2_upsampling/pointnet2_results/x4_two_line_final/lineB_downsampled_x4_baseline/metrics.json
B,Downsampled x4 + EAR 1024,1024,Downsampled x4 baseline 256,0.880177993527508,0.8413379329004329,0.8881067961165048,0.8450367514430015,-0.020388349514563253,-0.024433656957928873,PASS,/home/woody/iwnt/iwnt189h/thesis_pointcloud/modelnet40_pointnet2_upsampling/pointnet2_results/x4_two_line_final/lineB_downsampled_x4_up/ear/metrics.json
B,Downsampled x4 + PDANS 1024,1024,Downsampled x4 baseline 256,0.8945792880258899,0.8585627254689754,0.9033980582524272,0.8619670815295816,-0.0050970873786407855,-0.010032362459546973,PASS,/home/woody/iwnt/iwnt189h/thesis_pointcloud/modelnet40_pointnet2_upsampling/pointnet2_results/x4_two_line_final/lineB_downsampled_x4_up/pdans/metrics.json
B,Downsampled x4 + PU-Net 1024,1024,Downsampled x4 baseline 256,0.9064724919093852,0.8739268127705628,0.9127022653721684,0.8785614177489178,0.004207119741100329,0.0018608414239482673,PASS,/home/woody/iwnt/iwnt189h/thesis_pointcloud/modelnet40_pointnet2_upsampling/pointnet2_results/x4_two_line_final/lineB_downsampled_x4_up/pu_net/metrics.json
B,Downsampled x4 + PU-GCN 1024,1024,Downsampled x4 baseline 256,0.8962783171521035,0.8525413961038961,0.9005663430420713,0.8640558712121212,-0.007928802588996753,-0.008333333333333415,PASS,/home/woody/iwnt/iwnt189h/thesis_pointcloud/modelnet40_pointnet2_upsampling/pointnet2_results/x4_two_line_final/lineB_downsampled_x4_up/pu_gcn/metrics.json
