line,method,method_key,points,reference,cd_vs_ref,cd_std,hd_vs_ref,hd_std,nuc,nuc_std,delta_nuc_vs_ref,valid_samples
A,Mesh-ref 4096,mesh_ref_4096,4096,Mesh-ref 4096,0.0,0.0,0.0,0.0,0.641852217826323,0.15522745655433046,0.0,2468
A,EAR,ear,4096,Mesh-ref 4096,0.05472209691679735,0.015704338822174934,0.115395902623523,0.04107303464030417,0.8156305501398733,0.19695058526166684,0.17377833231355033,2468
A,PDANS,pdans,4096,Mesh-ref 4096,0.046821465771539054,0.014146819639261987,0.11350994429222093,0.03947911566142648,0.6611756734567455,0.20812397335123456,0.019323455630422565,2468
A,PU-Net,pu_net,4096,Mesh-ref 4096,0.04971905995545858,0.013348648623425425,0.11117723004073031,0.041892073729590334,0.6052107416822441,0.1415811395342713,-0.036641476144078894,2468
A,PU-GCN,pu_gcn,4096,Mesh-ref 4096,0.04230552898667554,0.013172871334803419,0.09321915924659878,0.036360452379188064,0.5203979531430694,0.5041123886018612,-0.12145426468325361,2468
A,PU-EdgeFormer,pu_edgeformer,4096,Mesh-ref 4096,0.046666119738265885,0.014379713284059563,0.11093191549962172,0.03898528050274141,0.6754353596279608,0.12959414703309394,0.03358314180163772,2468
B,Mesh-ref 256,mesh_ref_256,256,Mesh-ref 256,0.0,0.0,0.0,0.0,2.126494246838924,0.8115202978211702,0.0,2468
B,Downsampled ×4,downsampled_x4,256,Mesh-ref 256,0.13331885721515047,0.03441909187069465,0.20491414936959024,0.062399720668855005,2.0933411664729524,0.8042288483136601,-0.033153080365971144,2468
B,Original,original,1024,Original 1024,0.0,0.0,0.0,0.0,1.0835532843785967,0.29593302320692866,0.0,2468
B,EAR,ear,1024,Original 1024,0.07674286357136326,0.019934111864853783,0.19318248035352723,0.0648933303616692,0.9652918726801847,0.1878571608991696,-0.1182614116984116,2468
B,PDANS,pdans,1024,Original 1024,0.0626955587679107,0.016742625910312267,0.19054125961999208,0.06375808090135783,1.0528261923575213,0.9314090612012343,-0.0307270920210753,2468
B,PU-Net,pu_net,1024,Original 1024,0.06457325839772163,0.01213383727351304,0.10831935316459929,0.040255810839821424,1.0801016569337691,0.3077116481008399,-0.003451627444827195,2468
B,PU-GCN,pu_gcn,1024,Original 1024,0.05580214522941596,0.014070183874088262,0.15140323411576062,0.058725462960463645,1.523995618048179,0.6117887226446265,0.44044233366958274,2468
B,PU-EdgeFormer,pu_edgeformer,1024,Original 1024,0.061899884318555115,0.015336495219550328,0.177571723169979,0.060158196841821734,1.1225047185810295,0.32417344091849154,0.03895143420243315,2468
