line,method,point_count,final_test_overall_accuracy,final_test_class_accuracy,best_overall_accuracy,best_class_accuracy,delta_final_overall_vs_line_baseline,delta_best_overall_vs_line_baseline
A,Original baseline 1024,1024,0.9131067961165049,0.8719783355231726,0.9194983818770229,0.8800054519252889,0.0,0.0
A,Original + EAR 4096,4096,0.908495145631068,0.8729918831168831,0.9148058252427184,0.881927895021645,-0.00461165048543688,-0.004692556634304568
A,Original + PDANS 4096,4096,0.9087378640776697,0.8793242243867244,0.916181229773463,0.8843892045454546,-0.00436893203883526,-0.003317152103559984
A,Original + PU-Net 4096,4096,0.9055016181229774,0.8704233405483404,0.9094660194174755,0.874631673881674,-0.0076051779935275565,-0.010032362459547417
A,Original + PU-GCN 4096,4096,0.9099514563106795,0.8725613275613278,0.9163430420711974,0.877363410894661,-0.0031553398058253856,-0.0031553398058254967
B,Downsampled x4 baseline 256,256,0.9046116504854369,0.8752207304359765,0.908495145631068,0.873665174880421,0.0,0.0
B,Downsampled x4 + EAR 1024,1024,0.880177993527508,0.8413379329004329,0.8881067961165048,0.8450367514430015,-0.024433656957928873,-0.020388349514563253
B,Downsampled x4 + PDANS 1024,1024,0.8945792880258899,0.8585627254689754,0.9033980582524272,0.8619670815295816,-0.010032362459546973,-0.0050970873786407855
B,Downsampled x4 + PU-Net 1024,1024,0.9064724919093852,0.8739268127705628,0.9127022653721684,0.8785614177489178,0.0018608414239482673,0.004207119741100329
B,Downsampled x4 + PU-GCN 1024,1024,0.8962783171521035,0.8525413961038961,0.9005663430420713,0.8640558712121212,-0.008333333333333415,-0.007928802588996753
