method,line,split,class_name,label,shape_id,source_variant,input_path,input_points,target_points,method_raw_points,final_output_path,final_points,actual_ratio,status,error_message
pdans,B,train,airplane,0,airplane_0001,downsampled50,/home/woody/iwnt/iwnt189h/thesis_pointcloud/modelnet40_pointnet2_upsampling/datasets/smoke_inputs/downsampled50/train/airplane/airplane_0001.npy,512,2048,2048,/home/woody/iwnt/iwnt189h/thesis_pointcloud/modelnet40_pointnet2_upsampling/datasets/modelnet40_downsampled50_up/pdans_x4_smoke/train/airplane/airplane_0001.npy,2048,4.0000,success,
pdans,B,train,bathtub,1,bathtub_0001,downsampled50,/home/woody/iwnt/iwnt189h/thesis_pointcloud/modelnet40_pointnet2_upsampling/datasets/smoke_inputs/downsampled50/train/bathtub/bathtub_0001.npy,512,2048,2048,/home/woody/iwnt/iwnt189h/thesis_pointcloud/modelnet40_pointnet2_upsampling/datasets/modelnet40_downsampled50_up/pdans_x4_smoke/train/bathtub/bathtub_0001.npy,2048,4.0000,success,
pdans,B,train,bed,2,bed_0001,downsampled50,/home/woody/iwnt/iwnt189h/thesis_pointcloud/modelnet40_pointnet2_upsampling/datasets/smoke_inputs/downsampled50/train/bed/bed_0001.npy,512,2048,2048,/home/woody/iwnt/iwnt189h/thesis_pointcloud/modelnet40_pointnet2_upsampling/datasets/modelnet40_downsampled50_up/pdans_x4_smoke/train/bed/bed_0001.npy,2048,4.0000,success,
pdans,B,train,bench,3,bench_0001,downsampled50,/home/woody/iwnt/iwnt189h/thesis_pointcloud/modelnet40_pointnet2_upsampling/datasets/smoke_inputs/downsampled50/train/bench/bench_0001.npy,512,2048,2048,/home/woody/iwnt/iwnt189h/thesis_pointcloud/modelnet40_pointnet2_upsampling/datasets/modelnet40_downsampled50_up/pdans_x4_smoke/train/bench/bench_0001.npy,2048,4.0000,success,
pdans,B,train,bookshelf,4,bookshelf_0001,downsampled50,/home/woody/iwnt/iwnt189h/thesis_pointcloud/modelnet40_pointnet2_upsampling/datasets/smoke_inputs/downsampled50/train/bookshelf/bookshelf_0001.npy,512,2048,2048,/home/woody/iwnt/iwnt189h/thesis_pointcloud/modelnet40_pointnet2_upsampling/datasets/modelnet40_downsampled50_up/pdans_x4_smoke/train/bookshelf/bookshelf_0001.npy,2048,4.0000,success,
pdans,B,train,bottle,5,bottle_0001,downsampled50,/home/woody/iwnt/iwnt189h/thesis_pointcloud/modelnet40_pointnet2_upsampling/datasets/smoke_inputs/downsampled50/train/bottle/bottle_0001.npy,512,2048,2048,/home/woody/iwnt/iwnt189h/thesis_pointcloud/modelnet40_pointnet2_upsampling/datasets/modelnet40_downsampled50_up/pdans_x4_smoke/train/bottle/bottle_0001.npy,2048,4.0000,success,
pdans,B,train,bowl,6,bowl_0001,downsampled50,/home/woody/iwnt/iwnt189h/thesis_pointcloud/modelnet40_pointnet2_upsampling/datasets/smoke_inputs/downsampled50/train/bowl/bowl_0001.npy,512,2048,2048,/home/woody/iwnt/iwnt189h/thesis_pointcloud/modelnet40_pointnet2_upsampling/datasets/modelnet40_downsampled50_up/pdans_x4_smoke/train/bowl/bowl_0001.npy,2048,4.0000,success,
pdans,B,train,car,7,car_0001,downsampled50,/home/woody/iwnt/iwnt189h/thesis_pointcloud/modelnet40_pointnet2_upsampling/datasets/smoke_inputs/downsampled50/train/car/car_0001.npy,512,2048,2048,/home/woody/iwnt/iwnt189h/thesis_pointcloud/modelnet40_pointnet2_upsampling/datasets/modelnet40_downsampled50_up/pdans_x4_smoke/train/car/car_0001.npy,2048,4.0000,success,
pdans,B,train,chair,8,chair_0001,downsampled50,/home/woody/iwnt/iwnt189h/thesis_pointcloud/modelnet40_pointnet2_upsampling/datasets/smoke_inputs/downsampled50/train/chair/chair_0001.npy,512,2048,2048,/home/woody/iwnt/iwnt189h/thesis_pointcloud/modelnet40_pointnet2_upsampling/datasets/modelnet40_downsampled50_up/pdans_x4_smoke/train/chair/chair_0001.npy,2048,4.0000,success,
pdans,B,train,cone,9,cone_0001,downsampled50,/home/woody/iwnt/iwnt189h/thesis_pointcloud/modelnet40_pointnet2_upsampling/datasets/smoke_inputs/downsampled50/train/cone/cone_0001.npy,512,2048,2048,/home/woody/iwnt/iwnt189h/thesis_pointcloud/modelnet40_pointnet2_upsampling/datasets/modelnet40_downsampled50_up/pdans_x4_smoke/train/cone/cone_0001.npy,2048,4.0000,success,
pdans,B,train,cup,10,cup_0001,downsampled50,/home/woody/iwnt/iwnt189h/thesis_pointcloud/modelnet40_pointnet2_upsampling/datasets/smoke_inputs/downsampled50/train/cup/cup_0001.npy,512,2048,2048,/home/woody/iwnt/iwnt189h/thesis_pointcloud/modelnet40_pointnet2_upsampling/datasets/modelnet40_downsampled50_up/pdans_x4_smoke/train/cup/cup_0001.npy,2048,4.0000,success,
pdans,B,train,curtain,11,curtain_0001,downsampled50,/home/woody/iwnt/iwnt189h/thesis_pointcloud/modelnet40_pointnet2_upsampling/datasets/smoke_inputs/downsampled50/train/curtain/curtain_0001.npy,512,2048,2048,/home/woody/iwnt/iwnt189h/thesis_pointcloud/modelnet40_pointnet2_upsampling/datasets/modelnet40_downsampled50_up/pdans_x4_smoke/train/curtain/curtain_0001.npy,2048,4.0000,success,
pdans,B,train,desk,12,desk_0001,downsampled50,/home/woody/iwnt/iwnt189h/thesis_pointcloud/modelnet40_pointnet2_upsampling/datasets/smoke_inputs/downsampled50/train/desk/desk_0001.npy,512,2048,2048,/home/woody/iwnt/iwnt189h/thesis_pointcloud/modelnet40_pointnet2_upsampling/datasets/modelnet40_downsampled50_up/pdans_x4_smoke/train/desk/desk_0001.npy,2048,4.0000,success,
pdans,B,train,door,13,door_0001,downsampled50,/home/woody/iwnt/iwnt189h/thesis_pointcloud/modelnet40_pointnet2_upsampling/datasets/smoke_inputs/downsampled50/train/door/door_0001.npy,512,2048,2048,/home/woody/iwnt/iwnt189h/thesis_pointcloud/modelnet40_pointnet2_upsampling/datasets/modelnet40_downsampled50_up/pdans_x4_smoke/train/door/door_0001.npy,2048,4.0000,success,
pdans,B,train,dresser,14,dresser_0001,downsampled50,/home/woody/iwnt/iwnt189h/thesis_pointcloud/modelnet40_pointnet2_upsampling/datasets/smoke_inputs/downsampled50/train/dresser/dresser_0001.npy,512,2048,2048,/home/woody/iwnt/iwnt189h/thesis_pointcloud/modelnet40_pointnet2_upsampling/datasets/modelnet40_downsampled50_up/pdans_x4_smoke/train/dresser/dresser_0001.npy,2048,4.0000,success,
pdans,B,train,flower_pot,15,flower_pot_0001,downsampled50,/home/woody/iwnt/iwnt189h/thesis_pointcloud/modelnet40_pointnet2_upsampling/datasets/smoke_inputs/downsampled50/train/flower_pot/flower_pot_0001.npy,512,2048,2048,/home/woody/iwnt/iwnt189h/thesis_pointcloud/modelnet40_pointnet2_upsampling/datasets/modelnet40_downsampled50_up/pdans_x4_smoke/train/flower_pot/flower_pot_0001.npy,2048,4.0000,success,
pdans,B,train,glass_box,16,glass_box_0001,downsampled50,/home/woody/iwnt/iwnt189h/thesis_pointcloud/modelnet40_pointnet2_upsampling/datasets/smoke_inputs/downsampled50/train/glass_box/glass_box_0001.npy,512,2048,2048,/home/woody/iwnt/iwnt189h/thesis_pointcloud/modelnet40_pointnet2_upsampling/datasets/modelnet40_downsampled50_up/pdans_x4_smoke/train/glass_box/glass_box_0001.npy,2048,4.0000,success,
pdans,B,train,guitar,17,guitar_0001,downsampled50,/home/woody/iwnt/iwnt189h/thesis_pointcloud/modelnet40_pointnet2_upsampling/datasets/smoke_inputs/downsampled50/train/guitar/guitar_0001.npy,512,2048,2048,/home/woody/iwnt/iwnt189h/thesis_pointcloud/modelnet40_pointnet2_upsampling/datasets/modelnet40_downsampled50_up/pdans_x4_smoke/train/guitar/guitar_0001.npy,2048,4.0000,success,
pdans,B,train,keyboard,18,keyboard_0001,downsampled50,/home/woody/iwnt/iwnt189h/thesis_pointcloud/modelnet40_pointnet2_upsampling/datasets/smoke_inputs/downsampled50/train/keyboard/keyboard_0001.npy,512,2048,2048,/home/woody/iwnt/iwnt189h/thesis_pointcloud/modelnet40_pointnet2_upsampling/datasets/modelnet40_downsampled50_up/pdans_x4_smoke/train/keyboard/keyboard_0001.npy,2048,4.0000,success,
pdans,B,train,lamp,19,lamp_0001,downsampled50,/home/woody/iwnt/iwnt189h/thesis_pointcloud/modelnet40_pointnet2_upsampling/datasets/smoke_inputs/downsampled50/train/lamp/lamp_0001.npy,512,2048,2048,/home/woody/iwnt/iwnt189h/thesis_pointcloud/modelnet40_pointnet2_upsampling/datasets/modelnet40_downsampled50_up/pdans_x4_smoke/train/lamp/lamp_0001.npy,2048,4.0000,success,
pdans,B,train,laptop,20,laptop_0001,downsampled50,/home/woody/iwnt/iwnt189h/thesis_pointcloud/modelnet40_pointnet2_upsampling/datasets/smoke_inputs/downsampled50/train/laptop/laptop_0001.npy,512,2048,2048,/home/woody/iwnt/iwnt189h/thesis_pointcloud/modelnet40_pointnet2_upsampling/datasets/modelnet40_downsampled50_up/pdans_x4_smoke/train/laptop/laptop_0001.npy,2048,4.0000,success,
pdans,B,train,mantel,21,mantel_0001,downsampled50,/home/woody/iwnt/iwnt189h/thesis_pointcloud/modelnet40_pointnet2_upsampling/datasets/smoke_inputs/downsampled50/train/mantel/mantel_0001.npy,512,2048,2048,/home/woody/iwnt/iwnt189h/thesis_pointcloud/modelnet40_pointnet2_upsampling/datasets/modelnet40_downsampled50_up/pdans_x4_smoke/train/mantel/mantel_0001.npy,2048,4.0000,success,
pdans,B,train,monitor,22,monitor_0001,downsampled50,/home/woody/iwnt/iwnt189h/thesis_pointcloud/modelnet40_pointnet2_upsampling/datasets/smoke_inputs/downsampled50/train/monitor/monitor_0001.npy,512,2048,2048,/home/woody/iwnt/iwnt189h/thesis_pointcloud/modelnet40_pointnet2_upsampling/datasets/modelnet40_downsampled50_up/pdans_x4_smoke/train/monitor/monitor_0001.npy,2048,4.0000,success,
pdans,B,train,night_stand,23,night_stand_0001,downsampled50,/home/woody/iwnt/iwnt189h/thesis_pointcloud/modelnet40_pointnet2_upsampling/datasets/smoke_inputs/downsampled50/train/night_stand/night_stand_0001.npy,512,2048,2048,/home/woody/iwnt/iwnt189h/thesis_pointcloud/modelnet40_pointnet2_upsampling/datasets/modelnet40_downsampled50_up/pdans_x4_smoke/train/night_stand/night_stand_0001.npy,2048,4.0000,success,
pdans,B,train,person,24,person_0001,downsampled50,/home/woody/iwnt/iwnt189h/thesis_pointcloud/modelnet40_pointnet2_upsampling/datasets/smoke_inputs/downsampled50/train/person/person_0001.npy,512,2048,2048,/home/woody/iwnt/iwnt189h/thesis_pointcloud/modelnet40_pointnet2_upsampling/datasets/modelnet40_downsampled50_up/pdans_x4_smoke/train/person/person_0001.npy,2048,4.0000,success,
pdans,B,train,piano,25,piano_0001,downsampled50,/home/woody/iwnt/iwnt189h/thesis_pointcloud/modelnet40_pointnet2_upsampling/datasets/smoke_inputs/downsampled50/train/piano/piano_0001.npy,512,2048,2048,/home/woody/iwnt/iwnt189h/thesis_pointcloud/modelnet40_pointnet2_upsampling/datasets/modelnet40_downsampled50_up/pdans_x4_smoke/train/piano/piano_0001.npy,2048,4.0000,success,
pdans,B,train,plant,26,plant_0001,downsampled50,/home/woody/iwnt/iwnt189h/thesis_pointcloud/modelnet40_pointnet2_upsampling/datasets/smoke_inputs/downsampled50/train/plant/plant_0001.npy,512,2048,2048,/home/woody/iwnt/iwnt189h/thesis_pointcloud/modelnet40_pointnet2_upsampling/datasets/modelnet40_downsampled50_up/pdans_x4_smoke/train/plant/plant_0001.npy,2048,4.0000,success,
pdans,B,train,radio,27,radio_0001,downsampled50,/home/woody/iwnt/iwnt189h/thesis_pointcloud/modelnet40_pointnet2_upsampling/datasets/smoke_inputs/downsampled50/train/radio/radio_0001.npy,512,2048,2048,/home/woody/iwnt/iwnt189h/thesis_pointcloud/modelnet40_pointnet2_upsampling/datasets/modelnet40_downsampled50_up/pdans_x4_smoke/train/radio/radio_0001.npy,2048,4.0000,success,
pdans,B,train,range_hood,28,range_hood_0001,downsampled50,/home/woody/iwnt/iwnt189h/thesis_pointcloud/modelnet40_pointnet2_upsampling/datasets/smoke_inputs/downsampled50/train/range_hood/range_hood_0001.npy,512,2048,2048,/home/woody/iwnt/iwnt189h/thesis_pointcloud/modelnet40_pointnet2_upsampling/datasets/modelnet40_downsampled50_up/pdans_x4_smoke/train/range_hood/range_hood_0001.npy,2048,4.0000,success,
pdans,B,train,sink,29,sink_0001,downsampled50,/home/woody/iwnt/iwnt189h/thesis_pointcloud/modelnet40_pointnet2_upsampling/datasets/smoke_inputs/downsampled50/train/sink/sink_0001.npy,512,2048,2048,/home/woody/iwnt/iwnt189h/thesis_pointcloud/modelnet40_pointnet2_upsampling/datasets/modelnet40_downsampled50_up/pdans_x4_smoke/train/sink/sink_0001.npy,2048,4.0000,success,
pdans,B,train,sofa,30,sofa_0001,downsampled50,/home/woody/iwnt/iwnt189h/thesis_pointcloud/modelnet40_pointnet2_upsampling/datasets/smoke_inputs/downsampled50/train/sofa/sofa_0001.npy,512,2048,2048,/home/woody/iwnt/iwnt189h/thesis_pointcloud/modelnet40_pointnet2_upsampling/datasets/modelnet40_downsampled50_up/pdans_x4_smoke/train/sofa/sofa_0001.npy,2048,4.0000,success,
pdans,B,train,stairs,31,stairs_0001,downsampled50,/home/woody/iwnt/iwnt189h/thesis_pointcloud/modelnet40_pointnet2_upsampling/datasets/smoke_inputs/downsampled50/train/stairs/stairs_0001.npy,512,2048,2048,/home/woody/iwnt/iwnt189h/thesis_pointcloud/modelnet40_pointnet2_upsampling/datasets/modelnet40_downsampled50_up/pdans_x4_smoke/train/stairs/stairs_0001.npy,2048,4.0000,success,
pdans,B,train,stool,32,stool_0001,downsampled50,/home/woody/iwnt/iwnt189h/thesis_pointcloud/modelnet40_pointnet2_upsampling/datasets/smoke_inputs/downsampled50/train/stool/stool_0001.npy,512,2048,2048,/home/woody/iwnt/iwnt189h/thesis_pointcloud/modelnet40_pointnet2_upsampling/datasets/modelnet40_downsampled50_up/pdans_x4_smoke/train/stool/stool_0001.npy,2048,4.0000,success,
pdans,B,train,table,33,table_0001,downsampled50,/home/woody/iwnt/iwnt189h/thesis_pointcloud/modelnet40_pointnet2_upsampling/datasets/smoke_inputs/downsampled50/train/table/table_0001.npy,512,2048,2048,/home/woody/iwnt/iwnt189h/thesis_pointcloud/modelnet40_pointnet2_upsampling/datasets/modelnet40_downsampled50_up/pdans_x4_smoke/train/table/table_0001.npy,2048,4.0000,success,
pdans,B,train,tent,34,tent_0001,downsampled50,/home/woody/iwnt/iwnt189h/thesis_pointcloud/modelnet40_pointnet2_upsampling/datasets/smoke_inputs/downsampled50/train/tent/tent_0001.npy,512,2048,2048,/home/woody/iwnt/iwnt189h/thesis_pointcloud/modelnet40_pointnet2_upsampling/datasets/modelnet40_downsampled50_up/pdans_x4_smoke/train/tent/tent_0001.npy,2048,4.0000,success,
pdans,B,train,toilet,35,toilet_0001,downsampled50,/home/woody/iwnt/iwnt189h/thesis_pointcloud/modelnet40_pointnet2_upsampling/datasets/smoke_inputs/downsampled50/train/toilet/toilet_0001.npy,512,2048,2048,/home/woody/iwnt/iwnt189h/thesis_pointcloud/modelnet40_pointnet2_upsampling/datasets/modelnet40_downsampled50_up/pdans_x4_smoke/train/toilet/toilet_0001.npy,2048,4.0000,success,
pdans,B,train,tv_stand,36,tv_stand_0001,downsampled50,/home/woody/iwnt/iwnt189h/thesis_pointcloud/modelnet40_pointnet2_upsampling/datasets/smoke_inputs/downsampled50/train/tv_stand/tv_stand_0001.npy,512,2048,2048,/home/woody/iwnt/iwnt189h/thesis_pointcloud/modelnet40_pointnet2_upsampling/datasets/modelnet40_downsampled50_up/pdans_x4_smoke/train/tv_stand/tv_stand_0001.npy,2048,4.0000,success,
pdans,B,train,vase,37,vase_0001,downsampled50,/home/woody/iwnt/iwnt189h/thesis_pointcloud/modelnet40_pointnet2_upsampling/datasets/smoke_inputs/downsampled50/train/vase/vase_0001.npy,512,2048,2048,/home/woody/iwnt/iwnt189h/thesis_pointcloud/modelnet40_pointnet2_upsampling/datasets/modelnet40_downsampled50_up/pdans_x4_smoke/train/vase/vase_0001.npy,2048,4.0000,success,
pdans,B,train,wardrobe,38,wardrobe_0001,downsampled50,/home/woody/iwnt/iwnt189h/thesis_pointcloud/modelnet40_pointnet2_upsampling/datasets/smoke_inputs/downsampled50/train/wardrobe/wardrobe_0001.npy,512,2048,2048,/home/woody/iwnt/iwnt189h/thesis_pointcloud/modelnet40_pointnet2_upsampling/datasets/modelnet40_downsampled50_up/pdans_x4_smoke/train/wardrobe/wardrobe_0001.npy,2048,4.0000,success,
pdans,B,train,xbox,39,xbox_0001,downsampled50,/home/woody/iwnt/iwnt189h/thesis_pointcloud/modelnet40_pointnet2_upsampling/datasets/smoke_inputs/downsampled50/train/xbox/xbox_0001.npy,512,2048,2048,/home/woody/iwnt/iwnt189h/thesis_pointcloud/modelnet40_pointnet2_upsampling/datasets/modelnet40_downsampled50_up/pdans_x4_smoke/train/xbox/xbox_0001.npy,2048,4.0000,success,
pdans,B,test,airplane,0,airplane_0627,downsampled50,/home/woody/iwnt/iwnt189h/thesis_pointcloud/modelnet40_pointnet2_upsampling/datasets/smoke_inputs/downsampled50/test/airplane/airplane_0627.npy,512,2048,2048,/home/woody/iwnt/iwnt189h/thesis_pointcloud/modelnet40_pointnet2_upsampling/datasets/modelnet40_downsampled50_up/pdans_x4_smoke/test/airplane/airplane_0627.npy,2048,4.0000,success,
pdans,B,test,bathtub,1,bathtub_0107,downsampled50,/home/woody/iwnt/iwnt189h/thesis_pointcloud/modelnet40_pointnet2_upsampling/datasets/smoke_inputs/downsampled50/test/bathtub/bathtub_0107.npy,512,2048,2048,/home/woody/iwnt/iwnt189h/thesis_pointcloud/modelnet40_pointnet2_upsampling/datasets/modelnet40_downsampled50_up/pdans_x4_smoke/test/bathtub/bathtub_0107.npy,2048,4.0000,success,
pdans,B,test,bed,2,bed_0516,downsampled50,/home/woody/iwnt/iwnt189h/thesis_pointcloud/modelnet40_pointnet2_upsampling/datasets/smoke_inputs/downsampled50/test/bed/bed_0516.npy,512,2048,2048,/home/woody/iwnt/iwnt189h/thesis_pointcloud/modelnet40_pointnet2_upsampling/datasets/modelnet40_downsampled50_up/pdans_x4_smoke/test/bed/bed_0516.npy,2048,4.0000,success,
pdans,B,test,bench,3,bench_0174,downsampled50,/home/woody/iwnt/iwnt189h/thesis_pointcloud/modelnet40_pointnet2_upsampling/datasets/smoke_inputs/downsampled50/test/bench/bench_0174.npy,512,2048,2048,/home/woody/iwnt/iwnt189h/thesis_pointcloud/modelnet40_pointnet2_upsampling/datasets/modelnet40_downsampled50_up/pdans_x4_smoke/test/bench/bench_0174.npy,2048,4.0000,success,
pdans,B,test,bookshelf,4,bookshelf_0573,downsampled50,/home/woody/iwnt/iwnt189h/thesis_pointcloud/modelnet40_pointnet2_upsampling/datasets/smoke_inputs/downsampled50/test/bookshelf/bookshelf_0573.npy,512,2048,2048,/home/woody/iwnt/iwnt189h/thesis_pointcloud/modelnet40_pointnet2_upsampling/datasets/modelnet40_downsampled50_up/pdans_x4_smoke/test/bookshelf/bookshelf_0573.npy,2048,4.0000,success,
pdans,B,test,bottle,5,bottle_0336,downsampled50,/home/woody/iwnt/iwnt189h/thesis_pointcloud/modelnet40_pointnet2_upsampling/datasets/smoke_inputs/downsampled50/test/bottle/bottle_0336.npy,512,2048,2048,/home/woody/iwnt/iwnt189h/thesis_pointcloud/modelnet40_pointnet2_upsampling/datasets/modelnet40_downsampled50_up/pdans_x4_smoke/test/bottle/bottle_0336.npy,2048,4.0000,success,
pdans,B,test,bowl,6,bowl_0065,downsampled50,/home/woody/iwnt/iwnt189h/thesis_pointcloud/modelnet40_pointnet2_upsampling/datasets/smoke_inputs/downsampled50/test/bowl/bowl_0065.npy,512,2048,2048,/home/woody/iwnt/iwnt189h/thesis_pointcloud/modelnet40_pointnet2_upsampling/datasets/modelnet40_downsampled50_up/pdans_x4_smoke/test/bowl/bowl_0065.npy,2048,4.0000,success,
pdans,B,test,car,7,car_0198,downsampled50,/home/woody/iwnt/iwnt189h/thesis_pointcloud/modelnet40_pointnet2_upsampling/datasets/smoke_inputs/downsampled50/test/car/car_0198.npy,512,2048,2048,/home/woody/iwnt/iwnt189h/thesis_pointcloud/modelnet40_pointnet2_upsampling/datasets/modelnet40_downsampled50_up/pdans_x4_smoke/test/car/car_0198.npy,2048,4.0000,success,
pdans,B,test,chair,8,chair_0890,downsampled50,/home/woody/iwnt/iwnt189h/thesis_pointcloud/modelnet40_pointnet2_upsampling/datasets/smoke_inputs/downsampled50/test/chair/chair_0890.npy,512,2048,2048,/home/woody/iwnt/iwnt189h/thesis_pointcloud/modelnet40_pointnet2_upsampling/datasets/modelnet40_downsampled50_up/pdans_x4_smoke/test/chair/chair_0890.npy,2048,4.0000,success,
pdans,B,test,cone,9,cone_0168,downsampled50,/home/woody/iwnt/iwnt189h/thesis_pointcloud/modelnet40_pointnet2_upsampling/datasets/smoke_inputs/downsampled50/test/cone/cone_0168.npy,512,2048,2048,/home/woody/iwnt/iwnt189h/thesis_pointcloud/modelnet40_pointnet2_upsampling/datasets/modelnet40_downsampled50_up/pdans_x4_smoke/test/cone/cone_0168.npy,2048,4.0000,success,
pdans,B,test,cup,10,cup_0080,downsampled50,/home/woody/iwnt/iwnt189h/thesis_pointcloud/modelnet40_pointnet2_upsampling/datasets/smoke_inputs/downsampled50/test/cup/cup_0080.npy,512,2048,2048,/home/woody/iwnt/iwnt189h/thesis_pointcloud/modelnet40_pointnet2_upsampling/datasets/modelnet40_downsampled50_up/pdans_x4_smoke/test/cup/cup_0080.npy,2048,4.0000,success,
pdans,B,test,curtain,11,curtain_0139,downsampled50,/home/woody/iwnt/iwnt189h/thesis_pointcloud/modelnet40_pointnet2_upsampling/datasets/smoke_inputs/downsampled50/test/curtain/curtain_0139.npy,512,2048,2048,/home/woody/iwnt/iwnt189h/thesis_pointcloud/modelnet40_pointnet2_upsampling/datasets/modelnet40_downsampled50_up/pdans_x4_smoke/test/curtain/curtain_0139.npy,2048,4.0000,success,
pdans,B,test,desk,12,desk_0201,downsampled50,/home/woody/iwnt/iwnt189h/thesis_pointcloud/modelnet40_pointnet2_upsampling/datasets/smoke_inputs/downsampled50/test/desk/desk_0201.npy,512,2048,2048,/home/woody/iwnt/iwnt189h/thesis_pointcloud/modelnet40_pointnet2_upsampling/datasets/modelnet40_downsampled50_up/pdans_x4_smoke/test/desk/desk_0201.npy,2048,4.0000,success,
pdans,B,test,door,13,door_0110,downsampled50,/home/woody/iwnt/iwnt189h/thesis_pointcloud/modelnet40_pointnet2_upsampling/datasets/smoke_inputs/downsampled50/test/door/door_0110.npy,512,2048,2048,/home/woody/iwnt/iwnt189h/thesis_pointcloud/modelnet40_pointnet2_upsampling/datasets/modelnet40_downsampled50_up/pdans_x4_smoke/test/door/door_0110.npy,2048,4.0000,success,
pdans,B,test,dresser,14,dresser_0201,downsampled50,/home/woody/iwnt/iwnt189h/thesis_pointcloud/modelnet40_pointnet2_upsampling/datasets/smoke_inputs/downsampled50/test/dresser/dresser_0201.npy,512,2048,2048,/home/woody/iwnt/iwnt189h/thesis_pointcloud/modelnet40_pointnet2_upsampling/datasets/modelnet40_downsampled50_up/pdans_x4_smoke/test/dresser/dresser_0201.npy,2048,4.0000,success,
pdans,B,test,flower_pot,15,flower_pot_0150,downsampled50,/home/woody/iwnt/iwnt189h/thesis_pointcloud/modelnet40_pointnet2_upsampling/datasets/smoke_inputs/downsampled50/test/flower_pot/flower_pot_0150.npy,512,2048,2048,/home/woody/iwnt/iwnt189h/thesis_pointcloud/modelnet40_pointnet2_upsampling/datasets/modelnet40_downsampled50_up/pdans_x4_smoke/test/flower_pot/flower_pot_0150.npy,2048,4.0000,success,
pdans,B,test,glass_box,16,glass_box_0172,downsampled50,/home/woody/iwnt/iwnt189h/thesis_pointcloud/modelnet40_pointnet2_upsampling/datasets/smoke_inputs/downsampled50/test/glass_box/glass_box_0172.npy,512,2048,2048,/home/woody/iwnt/iwnt189h/thesis_pointcloud/modelnet40_pointnet2_upsampling/datasets/modelnet40_downsampled50_up/pdans_x4_smoke/test/glass_box/glass_box_0172.npy,2048,4.0000,success,
pdans,B,test,guitar,17,guitar_0156,downsampled50,/home/woody/iwnt/iwnt189h/thesis_pointcloud/modelnet40_pointnet2_upsampling/datasets/smoke_inputs/downsampled50/test/guitar/guitar_0156.npy,512,2048,2048,/home/woody/iwnt/iwnt189h/thesis_pointcloud/modelnet40_pointnet2_upsampling/datasets/modelnet40_downsampled50_up/pdans_x4_smoke/test/guitar/guitar_0156.npy,2048,4.0000,success,
pdans,B,test,keyboard,18,keyboard_0146,downsampled50,/home/woody/iwnt/iwnt189h/thesis_pointcloud/modelnet40_pointnet2_upsampling/datasets/smoke_inputs/downsampled50/test/keyboard/keyboard_0146.npy,512,2048,2048,/home/woody/iwnt/iwnt189h/thesis_pointcloud/modelnet40_pointnet2_upsampling/datasets/modelnet40_downsampled50_up/pdans_x4_smoke/test/keyboard/keyboard_0146.npy,2048,4.0000,success,
pdans,B,test,lamp,19,lamp_0125,downsampled50,/home/woody/iwnt/iwnt189h/thesis_pointcloud/modelnet40_pointnet2_upsampling/datasets/smoke_inputs/downsampled50/test/lamp/lamp_0125.npy,512,2048,2048,/home/woody/iwnt/iwnt189h/thesis_pointcloud/modelnet40_pointnet2_upsampling/datasets/modelnet40_downsampled50_up/pdans_x4_smoke/test/lamp/lamp_0125.npy,2048,4.0000,success,
pdans,B,test,laptop,20,laptop_0150,downsampled50,/home/woody/iwnt/iwnt189h/thesis_pointcloud/modelnet40_pointnet2_upsampling/datasets/smoke_inputs/downsampled50/test/laptop/laptop_0150.npy,512,2048,2048,/home/woody/iwnt/iwnt189h/thesis_pointcloud/modelnet40_pointnet2_upsampling/datasets/modelnet40_downsampled50_up/pdans_x4_smoke/test/laptop/laptop_0150.npy,2048,4.0000,success,
pdans,B,test,mantel,21,mantel_0285,downsampled50,/home/woody/iwnt/iwnt189h/thesis_pointcloud/modelnet40_pointnet2_upsampling/datasets/smoke_inputs/downsampled50/test/mantel/mantel_0285.npy,512,2048,2048,/home/woody/iwnt/iwnt189h/thesis_pointcloud/modelnet40_pointnet2_upsampling/datasets/modelnet40_downsampled50_up/pdans_x4_smoke/test/mantel/mantel_0285.npy,2048,4.0000,success,
pdans,B,test,monitor,22,monitor_0466,downsampled50,/home/woody/iwnt/iwnt189h/thesis_pointcloud/modelnet40_pointnet2_upsampling/datasets/smoke_inputs/downsampled50/test/monitor/monitor_0466.npy,512,2048,2048,/home/woody/iwnt/iwnt189h/thesis_pointcloud/modelnet40_pointnet2_upsampling/datasets/modelnet40_downsampled50_up/pdans_x4_smoke/test/monitor/monitor_0466.npy,2048,4.0000,success,
pdans,B,test,night_stand,23,night_stand_0201,downsampled50,/home/woody/iwnt/iwnt189h/thesis_pointcloud/modelnet40_pointnet2_upsampling/datasets/smoke_inputs/downsampled50/test/night_stand/night_stand_0201.npy,512,2048,2048,/home/woody/iwnt/iwnt189h/thesis_pointcloud/modelnet40_pointnet2_upsampling/datasets/modelnet40_downsampled50_up/pdans_x4_smoke/test/night_stand/night_stand_0201.npy,2048,4.0000,success,
pdans,B,test,person,24,person_0089,downsampled50,/home/woody/iwnt/iwnt189h/thesis_pointcloud/modelnet40_pointnet2_upsampling/datasets/smoke_inputs/downsampled50/test/person/person_0089.npy,512,2048,2048,/home/woody/iwnt/iwnt189h/thesis_pointcloud/modelnet40_pointnet2_upsampling/datasets/modelnet40_downsampled50_up/pdans_x4_smoke/test/person/person_0089.npy,2048,4.0000,success,
pdans,B,test,piano,25,piano_0232,downsampled50,/home/woody/iwnt/iwnt189h/thesis_pointcloud/modelnet40_pointnet2_upsampling/datasets/smoke_inputs/downsampled50/test/piano/piano_0232.npy,512,2048,2048,/home/woody/iwnt/iwnt189h/thesis_pointcloud/modelnet40_pointnet2_upsampling/datasets/modelnet40_downsampled50_up/pdans_x4_smoke/test/piano/piano_0232.npy,2048,4.0000,success,
pdans,B,test,plant,26,plant_0241,downsampled50,/home/woody/iwnt/iwnt189h/thesis_pointcloud/modelnet40_pointnet2_upsampling/datasets/smoke_inputs/downsampled50/test/plant/plant_0241.npy,512,2048,2048,/home/woody/iwnt/iwnt189h/thesis_pointcloud/modelnet40_pointnet2_upsampling/datasets/modelnet40_downsampled50_up/pdans_x4_smoke/test/plant/plant_0241.npy,2048,4.0000,success,
pdans,B,test,radio,27,radio_0105,downsampled50,/home/woody/iwnt/iwnt189h/thesis_pointcloud/modelnet40_pointnet2_upsampling/datasets/smoke_inputs/downsampled50/test/radio/radio_0105.npy,512,2048,2048,/home/woody/iwnt/iwnt189h/thesis_pointcloud/modelnet40_pointnet2_upsampling/datasets/modelnet40_downsampled50_up/pdans_x4_smoke/test/radio/radio_0105.npy,2048,4.0000,success,
pdans,B,test,range_hood,28,range_hood_0116,downsampled50,/home/woody/iwnt/iwnt189h/thesis_pointcloud/modelnet40_pointnet2_upsampling/datasets/smoke_inputs/downsampled50/test/range_hood/range_hood_0116.npy,512,2048,2048,/home/woody/iwnt/iwnt189h/thesis_pointcloud/modelnet40_pointnet2_upsampling/datasets/modelnet40_downsampled50_up/pdans_x4_smoke/test/range_hood/range_hood_0116.npy,2048,4.0000,success,
pdans,B,test,sink,29,sink_0129,downsampled50,/home/woody/iwnt/iwnt189h/thesis_pointcloud/modelnet40_pointnet2_upsampling/datasets/smoke_inputs/downsampled50/test/sink/sink_0129.npy,512,2048,2048,/home/woody/iwnt/iwnt189h/thesis_pointcloud/modelnet40_pointnet2_upsampling/datasets/modelnet40_downsampled50_up/pdans_x4_smoke/test/sink/sink_0129.npy,2048,4.0000,success,
pdans,B,test,sofa,30,sofa_0681,downsampled50,/home/woody/iwnt/iwnt189h/thesis_pointcloud/modelnet40_pointnet2_upsampling/datasets/smoke_inputs/downsampled50/test/sofa/sofa_0681.npy,512,2048,2048,/home/woody/iwnt/iwnt189h/thesis_pointcloud/modelnet40_pointnet2_upsampling/datasets/modelnet40_downsampled50_up/pdans_x4_smoke/test/sofa/sofa_0681.npy,2048,4.0000,success,
pdans,B,test,stairs,31,stairs_0125,downsampled50,/home/woody/iwnt/iwnt189h/thesis_pointcloud/modelnet40_pointnet2_upsampling/datasets/smoke_inputs/downsampled50/test/stairs/stairs_0125.npy,512,2048,2048,/home/woody/iwnt/iwnt189h/thesis_pointcloud/modelnet40_pointnet2_upsampling/datasets/modelnet40_downsampled50_up/pdans_x4_smoke/test/stairs/stairs_0125.npy,2048,4.0000,success,
pdans,B,test,stool,32,stool_0091,downsampled50,/home/woody/iwnt/iwnt189h/thesis_pointcloud/modelnet40_pointnet2_upsampling/datasets/smoke_inputs/downsampled50/test/stool/stool_0091.npy,512,2048,2048,/home/woody/iwnt/iwnt189h/thesis_pointcloud/modelnet40_pointnet2_upsampling/datasets/modelnet40_downsampled50_up/pdans_x4_smoke/test/stool/stool_0091.npy,2048,4.0000,success,
pdans,B,test,table,33,table_0393,downsampled50,/home/woody/iwnt/iwnt189h/thesis_pointcloud/modelnet40_pointnet2_upsampling/datasets/smoke_inputs/downsampled50/test/table/table_0393.npy,512,2048,2048,/home/woody/iwnt/iwnt189h/thesis_pointcloud/modelnet40_pointnet2_upsampling/datasets/modelnet40_downsampled50_up/pdans_x4_smoke/test/table/table_0393.npy,2048,4.0000,success,
pdans,B,test,tent,34,tent_0164,downsampled50,/home/woody/iwnt/iwnt189h/thesis_pointcloud/modelnet40_pointnet2_upsampling/datasets/smoke_inputs/downsampled50/test/tent/tent_0164.npy,512,2048,2048,/home/woody/iwnt/iwnt189h/thesis_pointcloud/modelnet40_pointnet2_upsampling/datasets/modelnet40_downsampled50_up/pdans_x4_smoke/test/tent/tent_0164.npy,2048,4.0000,success,
pdans,B,test,toilet,35,toilet_0345,downsampled50,/home/woody/iwnt/iwnt189h/thesis_pointcloud/modelnet40_pointnet2_upsampling/datasets/smoke_inputs/downsampled50/test/toilet/toilet_0345.npy,512,2048,2048,/home/woody/iwnt/iwnt189h/thesis_pointcloud/modelnet40_pointnet2_upsampling/datasets/modelnet40_downsampled50_up/pdans_x4_smoke/test/toilet/toilet_0345.npy,2048,4.0000,success,
pdans,B,test,tv_stand,36,tv_stand_0268,downsampled50,/home/woody/iwnt/iwnt189h/thesis_pointcloud/modelnet40_pointnet2_upsampling/datasets/smoke_inputs/downsampled50/test/tv_stand/tv_stand_0268.npy,512,2048,2048,/home/woody/iwnt/iwnt189h/thesis_pointcloud/modelnet40_pointnet2_upsampling/datasets/modelnet40_downsampled50_up/pdans_x4_smoke/test/tv_stand/tv_stand_0268.npy,2048,4.0000,success,
pdans,B,test,vase,37,vase_0476,downsampled50,/home/woody/iwnt/iwnt189h/thesis_pointcloud/modelnet40_pointnet2_upsampling/datasets/smoke_inputs/downsampled50/test/vase/vase_0476.npy,512,2048,2048,/home/woody/iwnt/iwnt189h/thesis_pointcloud/modelnet40_pointnet2_upsampling/datasets/modelnet40_downsampled50_up/pdans_x4_smoke/test/vase/vase_0476.npy,2048,4.0000,success,
pdans,B,test,wardrobe,38,wardrobe_0088,downsampled50,/home/woody/iwnt/iwnt189h/thesis_pointcloud/modelnet40_pointnet2_upsampling/datasets/smoke_inputs/downsampled50/test/wardrobe/wardrobe_0088.npy,512,2048,2048,/home/woody/iwnt/iwnt189h/thesis_pointcloud/modelnet40_pointnet2_upsampling/datasets/modelnet40_downsampled50_up/pdans_x4_smoke/test/wardrobe/wardrobe_0088.npy,2048,4.0000,success,
pdans,B,test,xbox,39,xbox_0104,downsampled50,/home/woody/iwnt/iwnt189h/thesis_pointcloud/modelnet40_pointnet2_upsampling/datasets/smoke_inputs/downsampled50/test/xbox/xbox_0104.npy,512,2048,2048,/home/woody/iwnt/iwnt189h/thesis_pointcloud/modelnet40_pointnet2_upsampling/datasets/modelnet40_downsampled50_up/pdans_x4_smoke/test/xbox/xbox_0104.npy,2048,4.0000,success,
