chamfer_like,exact_equality,line,max_abs_diff,mean_abs_diff,mean_l2_nn_pe_to_pg,rel,same_shape,status
0.031917144203748714,False,lineB,1.4205353260040283,0.2988725006580353,0.0247812683818118,test/plant/plant_0271.npy,True,PASS_DIFFERENT
0.03410154060015206,False,lineB,1.714267611503601,0.4079239070415497,0.02840090931972159,train/glass_box/glass_box_0082.npy,True,PASS_DIFFERENT
0.03323102370884582,False,lineB,1.8064944744110107,0.37314632534980774,0.027948277094853455,train/tv_stand/tv_stand_0016.npy,True,PASS_DIFFERENT
0.02268706150340812,False,lineB,1.4514455795288086,0.33477675914764404,0.019998304188079092,train/chair/chair_0865.npy,True,PASS_DIFFERENT
0.017692470715987393,False,lineB,1.647507667541504,0.27457424998283386,0.015470229213014663,train/stool/stool_0064.npy,True,PASS_DIFFERENT
0.029535067048560886,False,lineB,1.5799686908721924,0.3803577423095703,0.023832916448293925,train/bed/bed_0441.npy,True,PASS_DIFFERENT
0.022140363728521816,False,lineB,1.5728375911712646,0.3575567901134491,0.019657794899959814,train/stairs/stairs_0021.npy,True,PASS_DIFFERENT
0.030809495935529594,False,lineB,1.7072138786315918,0.35905513167381287,0.026518293047330103,train/tv_stand/tv_stand_0165.npy,True,PASS_DIFFERENT
0.0200187629216117,False,lineB,1.7070127725601196,0.2968282401561737,0.016883656439441525,train/airplane/airplane_0514.npy,True,PASS_DIFFERENT
0.031350124077410196,False,lineB,1.212468147277832,0.33876362442970276,0.027320902042871117,train/toilet/toilet_0080.npy,True,PASS_DIFFERENT
0.027897387232119465,False,lineB,1.4179694652557373,0.3460024893283844,0.023906943916373945,train/bookshelf/bookshelf_0496.npy,True,PASS_DIFFERENT
0.032952882920548134,False,lineB,1.8457276821136475,0.4062553644180298,0.026513646926138626,test/glass_box/glass_box_0251.npy,True,PASS_DIFFERENT
0.03388937001339874,False,lineB,1.319039225578308,0.4277322292327881,0.028579103982968212,train/mantel/mantel_0054.npy,True,PASS_DIFFERENT
0.018096872954421302,False,lineB,1.1993756294250488,0.31978583335876465,0.015751012413797463,train/chair/chair_0785.npy,True,PASS_DIFFERENT
0.03543106641032416,False,lineB,1.1245336532592773,0.4281785190105438,0.030189437880215997,test/night_stand/night_stand_0239.npy,True,PASS_DIFFERENT
0.0268328222663112,False,lineB,1.532468318939209,0.3135700523853302,0.02095733474509184,train/monitor/monitor_0233.npy,True,PASS_DIFFERENT
0.03470557420097108,False,lineB,1.474480390548706,0.3708009719848633,0.029447750952203346,test/toilet/toilet_0391.npy,True,PASS_DIFFERENT
0.023274096166726297,False,lineB,1.8813557624816895,0.2982264757156372,0.021167239631874737,train/door/door_0090.npy,True,PASS_DIFFERENT
0.03299461280483275,False,lineB,1.776822566986084,0.3907019793987274,0.02748425513081028,train/radio/radio_0053.npy,True,PASS_DIFFERENT
0.03377632477902007,False,lineB,1.4367806911468506,0.3964148461818695,0.026863319313155044,test/dresser/dresser_0218.npy,True,PASS_DIFFERENT
0.02470960555212213,False,lineB,1.1586495637893677,0.34593597054481506,0.021114705347578085,train/night_stand/night_stand_0087.npy,True,PASS_DIFFERENT
0.02993828759550237,False,lineB,1.7811236381530762,0.36911192536354065,0.02540154571137825,test/mantel/mantel_0326.npy,True,PASS_DIFFERENT
0.03266217686651842,False,lineB,1.507627010345459,0.3920805752277374,0.026691931774800583,test/xbox/xbox_0114.npy,True,PASS_DIFFERENT
0.015557609708473603,False,lineB,1.7094783782958984,0.2358301728963852,0.013702175490781676,train/airplane/airplane_0485.npy,True,PASS_DIFFERENT
0.014998716064403035,False,lineB,1.6125521659851074,0.23036201298236847,0.013202328073094228,test/flower_pot/flower_pot_0168.npy,True,PASS_DIFFERENT
0.018615554373765685,False,lineB,1.741554856300354,0.2769753634929657,0.015506395975046706,train/airplane/airplane_0177.npy,True,PASS_DIFFERENT
0.01640277377481623,False,lineB,1.7271075248718262,0.2648380398750305,0.013910669291078342,train/airplane/airplane_0275.npy,True,PASS_DIFFERENT
0.026406677412710477,False,lineB,1.506227731704712,0.3335891664028168,0.022019520205045627,train/bed/bed_0048.npy,True,PASS_DIFFERENT
0.032581071054668884,False,lineB,1.7347564697265625,0.3694271147251129,0.02617462785816972,train/vase/vase_0022.npy,True,PASS_DIFFERENT
0.031523363509609326,False,lineB,1.625949501991272,0.35510358214378357,0.026452076812631516,test/plant/plant_0258.npy,True,PASS_DIFFERENT
0.00982856035039444,False,lineB,1.035330057144165,0.1250295490026474,0.00891343573657112,train/curtain/curtain_0028.npy,True,PASS_DIFFERENT
0.03241054034726354,False,lineB,1.8307573795318604,0.36387181282043457,0.026446433964437722,train/sofa/sofa_0302.npy,True,PASS_DIFFERENT
0.011137380474568711,False,lineB,1.4548426866531372,0.19149275124073029,0.009786377599363481,test/guitar/guitar_0159.npy,True,PASS_DIFFERENT
0.022577024147209683,False,lineB,1.587634563446045,0.29844117164611816,0.01890061416820685,train/airplane/airplane_0283.npy,True,PASS_DIFFERENT
0.02373571478067043,False,lineB,1.7275587320327759,0.3250463306903839,0.020206660454322234,train/bottle/bottle_0280.npy,True,PASS_DIFFERENT
0.030785482086384604,False,lineB,1.4301047325134277,0.443153977394104,0.026262464358670936,train/vase/vase_0071.npy,True,PASS_DIFFERENT
0.03403100111794492,False,lineB,1.340533971786499,0.3598359525203705,0.028440275736680235,train/tent/tent_0147.npy,True,PASS_DIFFERENT
0.018225189852677143,False,lineB,1.5951719284057617,0.2245912104845047,0.01606963192081237,train/airplane/airplane_0138.npy,True,PASS_DIFFERENT
0.03244154925172647,False,lineB,1.4523732662200928,0.39831244945526123,0.026027617551941086,train/bed/bed_0309.npy,True,PASS_DIFFERENT
0.0349790992485975,False,lineB,1.6762624979019165,0.3992557227611542,0.02957626058071354,train/glass_box/glass_box_0028.npy,True,PASS_DIFFERENT
0.030382755305788704,False,lineB,1.4582762718200684,0.39288392663002014,0.02538691846458415,test/dresser/dresser_0204.npy,True,PASS_DIFFERENT
0.02635690258682701,False,lineB,1.700729489326477,0.3245573043823242,0.022865816835845158,test/bookshelf/bookshelf_0625.npy,True,PASS_DIFFERENT
0.03135766915553364,False,lineB,1.797641396522522,0.4095827639102936,0.026017154189518304,train/wardrobe/wardrobe_0012.npy,True,PASS_DIFFERENT
0.030946476823595102,False,lineB,1.7870063781738281,0.35121646523475647,0.026256765055011524,train/sofa/sofa_0202.npy,True,PASS_DIFFERENT
0.02679012349896214,False,lineB,1.5817639827728271,0.3887566030025482,0.023019077926093003,train/vase/vase_0156.npy,True,PASS_DIFFERENT
0.026413933828367847,False,lineB,1.554793357849121,0.2643921673297882,0.02035356784266434,train/plant/plant_0216.npy,True,PASS_DIFFERENT
0.019177312379657748,False,lineB,1.6426159143447876,0.2617959976196289,0.016729590457016837,train/bottle/bottle_0013.npy,True,PASS_DIFFERENT
0.03144087419481778,False,lineB,1.5971331596374512,0.3529515266418457,0.0251393672643197,train/monitor/monitor_0078.npy,True,PASS_DIFFERENT
0.030541400163425204,False,lineB,1.465587854385376,0.404756635427475,0.025569186185548147,train/chair/chair_0628.npy,True,PASS_DIFFERENT
0.03182113997141056,False,lineB,1.3806875944137573,0.4124106168746948,0.027817487930504457,test/dresser/dresser_0233.npy,True,PASS_DIFFERENT
0.03145099865210385,False,lineB,1.9259347915649414,0.35069897770881653,0.027418878732698437,test/car/car_0289.npy,True,PASS_DIFFERENT
0.021247027340830824,False,lineB,1.7107837200164795,0.2894947826862335,0.018112290514486103,train/bottle/bottle_0129.npy,True,PASS_DIFFERENT
0.024675121195473992,False,lineB,1.693207025527954,0.28546833992004395,0.021838921363634113,train/bottle/bottle_0332.npy,True,PASS_DIFFERENT
0.020355902120599498,False,lineB,1.2141282558441162,0.2635391056537628,0.017362972834611697,train/chair/chair_0224.npy,True,PASS_DIFFERENT
0.03135366727191479,False,lineB,1.6643025875091553,0.4448644816875458,0.02667150211826226,test/desk/desk_0214.npy,True,PASS_DIFFERENT
0.029449087433489347,False,lineB,1.852712869644165,0.38218292593955994,0.024829315000220873,train/vase/vase_0046.npy,True,PASS_DIFFERENT
0.03363048902145843,False,lineB,1.62666654586792,0.3797774016857147,0.027074152836511545,test/glass_box/glass_box_0203.npy,True,PASS_DIFFERENT
0.024596535637766783,False,lineB,1.4781923294067383,0.3979344367980957,0.020898184463535578,train/desk/desk_0077.npy,True,PASS_DIFFERENT
0.022746455473302687,False,lineB,1.4709255695343018,0.2946324348449707,0.0193854962178715,test/chair/chair_0977.npy,True,PASS_DIFFERENT
0.03165167359906919,False,lineB,1.7804863452911377,0.3449060618877411,0.026775717557680663,test/sofa/sofa_0705.npy,True,PASS_DIFFERENT
0.024133132009363602,False,lineB,1.1936583518981934,0.2891569137573242,0.021076970193573318,train/tent/tent_0002.npy,True,PASS_DIFFERENT
0.01645784970325971,False,lineB,1.7283965349197388,0.24765940010547638,0.014284779067984154,test/airplane/airplane_0713.npy,True,PASS_DIFFERENT
0.033271848540896334,False,lineB,1.522879719734192,0.39387592673301697,0.028040130595825156,train/bed/bed_0426.npy,True,PASS_DIFFERENT
0.02156796901278976,False,lineB,1.7719242572784424,0.2936069667339325,0.01879914233765502,train/person/person_0022.npy,True,PASS_DIFFERENT
0.031794930588161005,False,lineB,1.7110981941223145,0.35557112097740173,0.02602060325521912,train/sofa/sofa_0046.npy,True,PASS_DIFFERENT
0.027056550009012297,False,lineB,1.4346022605895996,0.39350688457489014,0.0242114801637342,train/lamp/lamp_0069.npy,True,PASS_DIFFERENT
0.020302119651788818,False,lineB,1.313389778137207,0.32123836874961853,0.017229977931660066,train/table/table_0218.npy,True,PASS_DIFFERENT
0.029629927034866103,False,lineB,1.331660509109497,0.3670698404312134,0.02462406545988351,train/laptop/laptop_0046.npy,True,PASS_DIFFERENT
0.030012368960365257,False,lineB,1.437340259552002,0.3580590486526489,0.024491896692669657,train/monitor/monitor_0139.npy,True,PASS_DIFFERENT
0.01939218377201167,False,lineB,1.7473514080047607,0.2543735206127167,0.01589007079702973,train/keyboard/keyboard_0092.npy,True,PASS_DIFFERENT
0.02885988357998343,False,lineB,1.522262454032898,0.355720192193985,0.023830273132255754,train/tv_stand/tv_stand_0174.npy,True,PASS_DIFFERENT
0.02529760699361594,False,lineB,1.5139291286468506,0.35712969303131104,0.021460975357882838,train/chair/chair_0363.npy,True,PASS_DIFFERENT
0.027850712187100314,False,lineB,1.7164795398712158,0.34872910380363464,0.022890176947751736,train/table/table_0241.npy,True,PASS_DIFFERENT
0.02071988568807207,False,lineB,1.886695146560669,0.314333438873291,0.01714817042063741,train/keyboard/keyboard_0131.npy,True,PASS_DIFFERENT
0.023673964936012617,False,lineB,1.7653685808181763,0.3417709171772003,0.02061404817008529,train/bench/bench_0118.npy,True,PASS_DIFFERENT
0.023573327908994086,False,lineB,1.5622652769088745,0.3155699074268341,0.019149501059227393,train/door/door_0009.npy,True,PASS_DIFFERENT
0.026218013444667843,False,lineB,1.523690938949585,0.36311694979667664,0.022299015374568874,test/piano/piano_0248.npy,True,PASS_DIFFERENT
0.02539837279314018,False,lineB,1.7916350364685059,0.3245510458946228,0.021257146093283615,test/stairs/stairs_0143.npy,True,PASS_DIFFERENT
0.024245883493633182,False,lineB,1.5607550144195557,0.31855684518814087,0.020251143721947147,train/vase/vase_0361.npy,True,PASS_DIFFERENT
0.02799194612143966,False,lineB,1.2223997116088867,0.3312329649925232,0.024071313023203495,train/night_stand/night_stand_0173.npy,True,PASS_DIFFERENT
0.0219459129133394,False,lineB,1.7973483800888062,0.3017565608024597,0.019104924355589796,train/door/door_0097.npy,True,PASS_DIFFERENT
0.028522581403947037,False,lineB,1.5714082717895508,0.33562198281288147,0.02194173415067719,train/monitor/monitor_0227.npy,True,PASS_DIFFERENT
0.026902924422966476,False,lineB,1.6898994445800781,0.38350871205329895,0.023720890905801217,test/piano/piano_0281.npy,True,PASS_DIFFERENT
0.03273420966793433,False,lineB,1.4957561492919922,0.3880387246608734,0.027783379029178455,test/bed/bed_0573.npy,True,PASS_DIFFERENT
0.029337404962156408,False,lineB,1.3608592748641968,0.34846970438957214,0.023941285759521116,train/bookshelf/bookshelf_0389.npy,True,PASS_DIFFERENT
0.02394724377928683,False,lineB,1.8231358528137207,0.298416405916214,0.01792975832249144,train/monitor/monitor_0399.npy,True,PASS_DIFFERENT
0.024834134243042073,False,lineB,1.5141521692276,0.3778611123561859,0.02139696739424685,train/chair/chair_0602.npy,True,PASS_DIFFERENT
0.033227520842649724,False,lineB,1.6947563886642456,0.4106513261795044,0.028059417337829386,train/glass_box/glass_box_0115.npy,True,PASS_DIFFERENT
0.02874064713631438,False,lineB,1.6696285009384155,0.37632477283477783,0.024023253980858007,train/sofa/sofa_0031.npy,True,PASS_DIFFERENT
0.01587839211297401,False,lineB,1.7832087278366089,0.24218714237213135,0.01363389758490219,train/airplane/airplane_0180.npy,True,PASS_DIFFERENT
0.033077979651281855,False,lineB,1.5039000511169434,0.40981602668762207,0.027377096139319993,train/chair/chair_0520.npy,True,PASS_DIFFERENT
0.029038671018076858,False,lineB,1.2001087665557861,0.35227811336517334,0.024548300499787852,train/laptop/laptop_0119.npy,True,PASS_DIFFERENT
0.030675160602325904,False,lineB,1.4540226459503174,0.3603579103946686,0.02682137796027609,train/bookshelf/bookshelf_0257.npy,True,PASS_DIFFERENT
0.0198024525266391,False,lineB,1.7051117420196533,0.2877332866191864,0.01657757508514847,train/airplane/airplane_0626.npy,True,PASS_DIFFERENT
0.02363407231871123,False,lineB,1.6534876823425293,0.297173410654068,0.019144553598259353,train/laptop/laptop_0095.npy,True,PASS_DIFFERENT
0.031503571691492156,False,lineB,1.4976813793182373,0.3683336675167084,0.02785498053049983,test/tv_stand/tv_stand_0325.npy,True,PASS_DIFFERENT
0.03082328634569086,False,lineB,1.59812331199646,0.36922487616539,0.02518363658680127,train/sofa/sofa_0458.npy,True,PASS_DIFFERENT
0.03171061620013932,False,lineB,1.441434383392334,0.36210396885871887,0.026860026896076007,train/flower_pot/flower_pot_0113.npy,True,PASS_DIFFERENT
0.03558721025272771,False,lineB,1.6669384241104126,0.44341573119163513,0.029094181799037167,train/radio/radio_0030.npy,True,PASS_DIFFERENT
0.03240434829265587,False,lineB,1.7025198936462402,0.40539154410362244,0.02709388571662425,train/bathtub/bathtub_0066.npy,True,PASS_DIFFERENT
0.016675713308316138,False,lineA,1.657381534576416,0.322651743888855,0.013268203132720362,train/chair/chair_0226.npy,True,PASS_DIFFERENT
0.011046719604767307,False,lineA,1.5391792058944702,0.2875644266605377,0.009497430069887933,test/table/table_0416.npy,True,PASS_DIFFERENT
0.013299339326745622,False,lineA,1.8384978771209717,0.3165719211101532,0.011431881976829462,test/bottle/bottle_0351.npy,True,PASS_DIFFERENT
0.022305756340353707,False,lineA,1.3996598720550537,0.489563912153244,0.018711254727126116,train/dresser/dresser_0039.npy,True,PASS_DIFFERENT
0.019133179601353037,False,lineA,1.5673426389694214,0.32342198491096497,0.01594892393315093,train/sofa/sofa_0235.npy,True,PASS_DIFFERENT
0.01849572973483479,False,lineA,1.8160512447357178,0.37202367186546326,0.01567306546362812,train/bookshelf/bookshelf_0241.npy,True,PASS_DIFFERENT
0.012398498638145267,False,lineA,1.608748435974121,0.36401525139808655,0.010441664703540628,train/stool/stool_0023.npy,True,PASS_DIFFERENT
0.01970907158641263,False,lineA,1.655759572982788,0.40994325280189514,0.016344088649760804,train/piano/piano_0033.npy,True,PASS_DIFFERENT
0.012216991459203649,False,lineA,1.5769332647323608,0.30477213859558105,0.010369791607607839,test/keyboard/keyboard_0146.npy,True,PASS_DIFFERENT
0.011767602904914638,False,lineA,1.353892207145691,0.2917957305908203,0.009888869378236478,train/chair/chair_0478.npy,True,PASS_DIFFERENT
0.025168109848998074,False,lineA,1.5054839849472046,0.36441922187805176,0.02039727534328109,train/plant/plant_0206.npy,True,PASS_DIFFERENT
0.013959573061280501,False,lineA,1.7470650672912598,0.34468498826026917,0.011954653527607391,test/bench/bench_0179.npy,True,PASS_DIFFERENT
0.008051686337059879,False,lineA,1.5483739376068115,0.21629469096660614,0.007051187805056043,test/guitar/guitar_0247.npy,True,PASS_DIFFERENT
0.019383294356622484,False,lineA,1.6768083572387695,0.32069310545921326,0.016067645783676546,train/bookshelf/bookshelf_0207.npy,True,PASS_DIFFERENT
0.01485686190320544,False,lineA,1.701965570449829,0.3176332414150238,0.012629930832801096,test/door/door_0110.npy,True,PASS_DIFFERENT
0.015863454480200136,False,lineA,1.5466116666793823,0.36612868309020996,0.013232219434091395,train/chair/chair_0663.npy,True,PASS_DIFFERENT
0.026453943192104288,False,lineA,1.4069408178329468,0.4559979736804962,0.02134261191854033,test/night_stand/night_stand_0233.npy,True,PASS_DIFFERENT
0.021281416804445098,False,lineA,1.4696414470672607,0.41506969928741455,0.01693755640171095,test/mantel/mantel_0351.npy,True,PASS_DIFFERENT
0.015002973467053676,False,lineA,1.3296760320663452,0.3628150522708893,0.012990192015786009,train/bed/bed_0009.npy,True,PASS_DIFFERENT
0.010355080329438337,False,lineA,1.7676277160644531,0.2576676905155182,0.008861223186410904,train/airplane/airplane_0246.npy,True,PASS_DIFFERENT
0.014447128815631725,False,lineA,1.7936294078826904,0.3252917528152466,0.012655876062292412,test/door/door_0119.npy,True,PASS_DIFFERENT
0.018223647883828555,False,lineA,1.2606151103973389,0.39056387543678284,0.01531776795697105,train/laptop/laptop_0110.npy,True,PASS_DIFFERENT
0.022282166650755192,False,lineA,1.6375670433044434,0.3580230474472046,0.018512812830338718,train/bookshelf/bookshelf_0553.npy,True,PASS_DIFFERENT
0.02467377974501754,False,lineA,1.8387486934661865,0.4056732952594757,0.020083201484088015,test/vase/vase_0521.npy,True,PASS_DIFFERENT
0.020107175916157925,False,lineA,1.6680471897125244,0.3762640953063965,0.016418800966412787,train/sofa/sofa_0060.npy,True,PASS_DIFFERENT
0.017602796308024325,False,lineA,1.8616294860839844,0.31981393694877625,0.01525621717898536,test/range_hood/range_hood_0116.npy,True,PASS_DIFFERENT
0.01732213588450874,False,lineA,1.7812201976776123,0.3566981256008148,0.014588428210121573,train/bed/bed_0139.npy,True,PASS_DIFFERENT
0.013635877508740797,False,lineA,1.8824725151062012,0.3208991587162018,0.011925936020422932,train/bench/bench_0136.npy,True,PASS_DIFFERENT
0.016076098446208983,False,lineA,1.518348217010498,0.3556472957134247,0.013131770816515557,test/table/table_0432.npy,True,PASS_DIFFERENT
0.019329775493214206,False,lineA,1.7525221109390259,0.38486945629119873,0.015933366777266582,train/sofa/sofa_0226.npy,True,PASS_DIFFERENT
0.01520302416313735,False,lineA,1.6009272336959839,0.33051010966300964,0.012447746601623635,test/table/table_0417.npy,True,PASS_DIFFERENT
0.01681703487633885,False,lineA,1.7169171571731567,0.3200649321079254,0.014537471183508848,test/bottle/bottle_0383.npy,True,PASS_DIFFERENT
0.00637891297875455,False,lineA,1.4126341342926025,0.3556136190891266,0.005769368352626316,train/lamp/lamp_0062.npy,True,PASS_DIFFERENT
0.017573952426490378,False,lineA,1.916924238204956,0.34251248836517334,0.015158549477415182,train/vase/vase_0366.npy,True,PASS_DIFFERENT
0.010920233952851046,False,lineA,1.278850793838501,0.28555336594581604,0.008862644683340033,train/chair/chair_0833.npy,True,PASS_DIFFERENT
0.015849113708993532,False,lineA,1.561633586883545,0.3501312732696533,0.013041960733983402,train/chair/chair_0611.npy,True,PASS_DIFFERENT
0.020240322090991397,False,lineA,1.313626766204834,0.37729334831237793,0.016587964049138496,train/mantel/mantel_0091.npy,True,PASS_DIFFERENT
0.015874158553287138,False,lineA,1.396891713142395,0.3578416407108307,0.012908201023725294,train/chair/chair_0191.npy,True,PASS_DIFFERENT
0.019450311604416293,False,lineA,1.701242446899414,0.37673476338386536,0.016134484710069275,train/sofa/sofa_0380.npy,True,PASS_DIFFERENT
0.015216501718417687,False,lineA,1.7792751789093018,0.32726654410362244,0.012337036152283586,train/bookshelf/bookshelf_0415.npy,True,PASS_DIFFERENT
0.014816312958136842,False,lineA,1.2262424230575562,0.33526507019996643,0.012398022864247868,train/laptop/laptop_0069.npy,True,PASS_DIFFERENT
0.01614501004465331,False,lineA,1.9613302946090698,0.38529714941978455,0.013948938667805208,train/bottle/bottle_0059.npy,True,PASS_DIFFERENT
0.0205373512239053,False,lineA,1.3595397472381592,0.4041275978088379,0.016019573864530928,train/night_stand/night_stand_0157.npy,True,PASS_DIFFERENT
0.02085952651504883,False,lineA,1.4960737228393555,0.4040287733078003,0.017208771283082763,test/piano/piano_0269.npy,True,PASS_DIFFERENT
0.019636851398776613,False,lineA,1.1601653099060059,0.4073297083377838,0.016494114517469155,train/table/table_0176.npy,True,PASS_DIFFERENT
0.015276158385066164,False,lineA,1.7282822132110596,0.37133410573005676,0.012749943062217599,test/stairs/stairs_0131.npy,True,PASS_DIFFERENT
0.021211671962094766,False,lineA,1.5281040668487549,0.520937442779541,0.017755485002489708,train/vase/vase_0218.npy,True,PASS_DIFFERENT
0.02435376346204353,False,lineA,1.466966152191162,0.43397316336631775,0.019608142743192888,test/glass_box/glass_box_0268.npy,True,PASS_DIFFERENT
0.009807370013186946,False,lineA,1.8587418794631958,0.26368921995162964,0.00818383420963334,train/airplane/airplane_0270.npy,True,PASS_DIFFERENT
0.006223329646342169,False,lineA,1.8482078313827515,0.21512289345264435,0.005602864754681666,train/airplane/airplane_0028.npy,True,PASS_DIFFERENT
0.010973203698406882,False,lineA,1.8197345733642578,0.2794189155101776,0.009270284152428334,train/airplane/airplane_0008.npy,True,PASS_DIFFERENT
0.018711061490017604,False,lineA,1.6610679626464844,0.3724617063999176,0.01530971046590343,train/bench/bench_0059.npy,True,PASS_DIFFERENT
0.021614755916835468,False,lineA,1.4167499542236328,0.45964813232421875,0.01812987173929298,test/night_stand/night_stand_0243.npy,True,PASS_DIFFERENT
0.016435996546555028,False,lineA,1.3067009449005127,0.3176227807998657,0.013523580117160565,train/cone/cone_0039.npy,True,PASS_DIFFERENT
0.020514244155987953,False,lineA,1.5627102851867676,0.3841472566127777,0.017125038439110007,train/table/table_0023.npy,True,PASS_DIFFERENT
0.014724190518587347,False,lineA,1.8128856420516968,0.27695977687835693,0.01207903877070094,train/airplane/airplane_0260.npy,True,PASS_DIFFERENT
0.011038440036117803,False,lineA,1.522977352142334,0.35139402747154236,0.009837769106077388,train/stairs/stairs_0060.npy,True,PASS_DIFFERENT
0.013611878451136289,False,lineA,1.5206395387649536,0.3308808207511902,0.01106602074598296,train/chair/chair_0557.npy,True,PASS_DIFFERENT
0.02046369812643966,False,lineA,1.732923984527588,0.37637844681739807,0.017096994438030498,train/bookshelf/bookshelf_0511.npy,True,PASS_DIFFERENT
0.014488034317217548,False,lineA,1.7503201961517334,0.3800552785396576,0.011907915704216017,train/tent/tent_0120.npy,True,PASS_DIFFERENT
0.016464322664026265,False,lineA,1.4415322542190552,0.3642089068889618,0.013873432003943519,train/laptop/laptop_0023.npy,True,PASS_DIFFERENT
0.012729208286142855,False,lineA,1.7358314990997314,0.29548150300979614,0.010842542401800994,train/bench/bench_0057.npy,True,PASS_DIFFERENT
0.02149292045364528,False,lineA,1.6321523189544678,0.3939189016819,0.01758973223276623,train/sofa/sofa_0072.npy,True,PASS_DIFFERENT
0.021700313610364133,False,lineA,1.650568962097168,0.42187806963920593,0.0181377816060972,train/glass_box/glass_box_0038.npy,True,PASS_DIFFERENT
0.016445445077963104,False,lineA,1.7950921058654785,0.33094707131385803,0.01367233777365982,train/keyboard/keyboard_0132.npy,True,PASS_DIFFERENT
0.018694364436428315,False,lineA,1.4070818424224854,0.36568915843963623,0.01578896766059148,test/toilet/toilet_0368.npy,True,PASS_DIFFERENT
0.023219100547754987,False,lineA,1.3525322675704956,0.4452880918979645,0.019098533650208416,train/night_stand/night_stand_0130.npy,True,PASS_DIFFERENT
0.01998054691666318,False,lineA,1.6379098892211914,0.3852207660675049,0.01640304836218836,train/desk/desk_0141.npy,True,PASS_DIFFERENT
0.01051199152813156,False,lineA,1.094621181488037,0.3515869081020355,0.008862397868284445,train/table/table_0297.npy,True,PASS_DIFFERENT
0.015103387492986536,False,lineA,1.1239700317382812,0.30174344778060913,0.013087666682923398,train/table/table_0250.npy,True,PASS_DIFFERENT
0.017996559264922458,False,lineA,1.630926489830017,0.3715437948703766,0.01498478315252568,train/bookshelf/bookshelf_0552.npy,True,PASS_DIFFERENT
0.017926292746817424,False,lineA,1.1318553686141968,0.32849740982055664,0.014752687631150868,test/toilet/toilet_0389.npy,True,PASS_DIFFERENT
0.012706869236436765,False,lineA,1.4746134281158447,0.31504321098327637,0.01117650690411497,train/stairs/stairs_0096.npy,True,PASS_DIFFERENT
0.011825930897832675,False,lineA,1.2701232433319092,0.3338679373264313,0.010157181158510626,train/chair/chair_0563.npy,True,PASS_DIFFERENT
0.025490230305678124,False,lineA,1.4902524948120117,0.4659048020839691,0.020643121402592026,test/vase/vase_0479.npy,True,PASS_DIFFERENT
0.015876175616023704,False,lineA,1.7515727281570435,0.3519768714904785,0.013606318064718792,train/tv_stand/tv_stand_0004.npy,True,PASS_DIFFERENT
0.024956277894676752,False,lineA,1.3010272979736328,0.45856359601020813,0.020014860968039887,train/monitor/monitor_0060.npy,True,PASS_DIFFERENT
0.013395453566596965,False,lineA,1.8239763975143433,0.3295377790927887,0.01148030149141519,train/bottle/bottle_0070.npy,True,PASS_DIFFERENT
0.01324776199880634,False,lineA,1.56484055519104,0.45619285106658936,0.01066535837898543,train/stool/stool_0075.npy,True,PASS_DIFFERENT
0.01478988020719424,False,lineA,1.7639875411987305,0.32112905383110046,0.01303761397189751,train/door/door_0089.npy,True,PASS_DIFFERENT
0.019076389484564586,False,lineA,1.4065613746643066,0.40618014335632324,0.01549718899335081,train/tent/tent_0006.npy,True,PASS_DIFFERENT
0.013549194377951735,False,lineA,1.809594750404358,0.28537723422050476,0.011334741967354917,train/airplane/airplane_0493.npy,True,PASS_DIFFERENT
0.01865419361027023,False,lineA,1.8180842399597168,0.31937864422798157,0.015872498821378492,train/sofa/sofa_0093.npy,True,PASS_DIFFERENT
0.017398160303352186,False,lineA,1.4968219995498657,0.4334068298339844,0.014818682124168276,train/vase/vase_0071.npy,True,PASS_DIFFERENT
0.015445958842433945,False,lineA,1.918154239654541,0.335239976644516,0.013078493610650395,train/bookshelf/bookshelf_0033.npy,True,PASS_DIFFERENT
0.017189533872800693,False,lineA,1.679040551185608,0.3697071075439453,0.013917532850816396,train/bottle/bottle_0038.npy,True,PASS_DIFFERENT
0.013823864398019258,False,lineA,1.5077733993530273,0.30556049942970276,0.011682673225234176,train/chair/chair_0035.npy,True,PASS_DIFFERENT
0.021450320672620364,False,lineA,1.5541661977767944,0.37998321652412415,0.01785435914846695,train/glass_box/glass_box_0048.npy,True,PASS_DIFFERENT
0.01672557004902945,False,lineA,1.4540939331054688,0.3422691524028778,0.013886402923900695,test/desk/desk_0253.npy,True,PASS_DIFFERENT
0.02404606315956049,False,lineA,1.6043486595153809,0.38386937975883484,0.01970899489619793,test/bed/bed_0527.npy,True,PASS_DIFFERENT
0.017330475467570466,False,lineA,1.5306932926177979,0.31641286611557007,0.013703782231114726,train/chair/chair_0377.npy,True,PASS_DIFFERENT
0.01194236528962747,False,lineA,1.7690093517303467,0.2722703516483307,0.010094157567641114,train/airplane/airplane_0552.npy,True,PASS_DIFFERENT
0.017692249595430108,False,lineA,1.7976043224334717,0.3534585237503052,0.014558085321561567,train/sofa/sofa_0385.npy,True,PASS_DIFFERENT
0.010625571333940782,False,lineA,1.4657104015350342,0.26453694701194763,0.009266318671328736,train/cone/cone_0158.npy,True,PASS_DIFFERENT
0.026820230305859075,False,lineA,1.4773554801940918,0.4098566770553589,0.02190911405825081,test/night_stand/night_stand_0284.npy,True,PASS_DIFFERENT
0.021240706240711164,False,lineA,1.8713299036026,0.38661280274391174,0.017905121738455168,train/vase/vase_0221.npy,True,PASS_DIFFERENT
0.010746910526521674,False,lineA,1.560868263244629,0.40621933341026306,0.00887825380873709,train/chair/chair_0732.npy,True,PASS_DIFFERENT
0.014762615420779193,False,lineA,1.6103073358535767,0.3164267838001251,0.012159589102628337,train/car/car_0055.npy,True,PASS_DIFFERENT
0.013897889763692746,False,lineA,1.5376415252685547,0.27130261063575745,0.011803744331408583,test/plant/plant_0300.npy,True,PASS_DIFFERENT
0.011188788294438399,False,lineA,1.7920899391174316,0.28334566950798035,0.009432826507669042,train/airplane/airplane_0407.npy,True,PASS_DIFFERENT
