frame_id,line,method,detector,manifest,full_frame_png,changed_object_crops
000590,A,PDANS,pointrcnn,frames/000590/line_a/pdans/pointrcnn/case_manifest.json,frames/000590/line_a/pdans/pointrcnn/full_frame_3d_bev.png,3
000590,A,PDANS,centerpoint,frames/000590/line_a/pdans/centerpoint/case_manifest.json,frames/000590/line_a/pdans/centerpoint/full_frame_3d_bev.png,3
000590,A,PU-GCN,pointrcnn,frames/000590/line_a/pu_gcn/pointrcnn/case_manifest.json,frames/000590/line_a/pu_gcn/pointrcnn/full_frame_3d_bev.png,3
000590,A,PU-GCN,centerpoint,frames/000590/line_a/pu_gcn/centerpoint/case_manifest.json,frames/000590/line_a/pu_gcn/centerpoint/full_frame_3d_bev.png,3
000590,A,PU-EdgeFormer,pointrcnn,frames/000590/line_a/pu_edgeformer/pointrcnn/case_manifest.json,frames/000590/line_a/pu_edgeformer/pointrcnn/full_frame_3d_bev.png,3
000590,A,PU-EdgeFormer,centerpoint,frames/000590/line_a/pu_edgeformer/centerpoint/case_manifest.json,frames/000590/line_a/pu_edgeformer/centerpoint/full_frame_3d_bev.png,3
000590,A,PU-Net,pointrcnn,frames/000590/line_a/pu_net/pointrcnn/case_manifest.json,frames/000590/line_a/pu_net/pointrcnn/full_frame_3d_bev.png,3
000590,A,PU-Net,centerpoint,frames/000590/line_a/pu_net/centerpoint/case_manifest.json,frames/000590/line_a/pu_net/centerpoint/full_frame_3d_bev.png,3
000590,B,PDANS,pointrcnn,frames/000590/line_b/pdans/pointrcnn/case_manifest.json,frames/000590/line_b/pdans/pointrcnn/full_frame_3d_bev.png,3
000590,B,PDANS,centerpoint,frames/000590/line_b/pdans/centerpoint/case_manifest.json,frames/000590/line_b/pdans/centerpoint/full_frame_3d_bev.png,3
000590,B,PU-GCN,pointrcnn,frames/000590/line_b/pu_gcn/pointrcnn/case_manifest.json,frames/000590/line_b/pu_gcn/pointrcnn/full_frame_3d_bev.png,3
000590,B,PU-GCN,centerpoint,frames/000590/line_b/pu_gcn/centerpoint/case_manifest.json,frames/000590/line_b/pu_gcn/centerpoint/full_frame_3d_bev.png,3
000590,B,PU-EdgeFormer,pointrcnn,frames/000590/line_b/pu_edgeformer/pointrcnn/case_manifest.json,frames/000590/line_b/pu_edgeformer/pointrcnn/full_frame_3d_bev.png,3
000590,B,PU-EdgeFormer,centerpoint,frames/000590/line_b/pu_edgeformer/centerpoint/case_manifest.json,frames/000590/line_b/pu_edgeformer/centerpoint/full_frame_3d_bev.png,3
000590,B,PU-Net,pointrcnn,frames/000590/line_b/pu_net/pointrcnn/case_manifest.json,frames/000590/line_b/pu_net/pointrcnn/full_frame_3d_bev.png,3
000590,B,PU-Net,centerpoint,frames/000590/line_b/pu_net/centerpoint/case_manifest.json,frames/000590/line_b/pu_net/centerpoint/full_frame_3d_bev.png,3
005625,A,PDANS,pointrcnn,frames/005625/line_a/pdans/pointrcnn/case_manifest.json,frames/005625/line_a/pdans/pointrcnn/full_frame_3d_bev.png,3
005625,A,PDANS,centerpoint,frames/005625/line_a/pdans/centerpoint/case_manifest.json,frames/005625/line_a/pdans/centerpoint/full_frame_3d_bev.png,3
005625,A,PU-GCN,pointrcnn,frames/005625/line_a/pu_gcn/pointrcnn/case_manifest.json,frames/005625/line_a/pu_gcn/pointrcnn/full_frame_3d_bev.png,3
005625,A,PU-GCN,centerpoint,frames/005625/line_a/pu_gcn/centerpoint/case_manifest.json,frames/005625/line_a/pu_gcn/centerpoint/full_frame_3d_bev.png,3
005625,A,PU-EdgeFormer,pointrcnn,frames/005625/line_a/pu_edgeformer/pointrcnn/case_manifest.json,frames/005625/line_a/pu_edgeformer/pointrcnn/full_frame_3d_bev.png,3
005625,A,PU-EdgeFormer,centerpoint,frames/005625/line_a/pu_edgeformer/centerpoint/case_manifest.json,frames/005625/line_a/pu_edgeformer/centerpoint/full_frame_3d_bev.png,3
005625,A,PU-Net,pointrcnn,frames/005625/line_a/pu_net/pointrcnn/case_manifest.json,frames/005625/line_a/pu_net/pointrcnn/full_frame_3d_bev.png,3
005625,A,PU-Net,centerpoint,frames/005625/line_a/pu_net/centerpoint/case_manifest.json,frames/005625/line_a/pu_net/centerpoint/full_frame_3d_bev.png,3
005625,B,PDANS,pointrcnn,frames/005625/line_b/pdans/pointrcnn/case_manifest.json,frames/005625/line_b/pdans/pointrcnn/full_frame_3d_bev.png,3
005625,B,PDANS,centerpoint,frames/005625/line_b/pdans/centerpoint/case_manifest.json,frames/005625/line_b/pdans/centerpoint/full_frame_3d_bev.png,3
005625,B,PU-GCN,pointrcnn,frames/005625/line_b/pu_gcn/pointrcnn/case_manifest.json,frames/005625/line_b/pu_gcn/pointrcnn/full_frame_3d_bev.png,3
005625,B,PU-GCN,centerpoint,frames/005625/line_b/pu_gcn/centerpoint/case_manifest.json,frames/005625/line_b/pu_gcn/centerpoint/full_frame_3d_bev.png,3
005625,B,PU-EdgeFormer,pointrcnn,frames/005625/line_b/pu_edgeformer/pointrcnn/case_manifest.json,frames/005625/line_b/pu_edgeformer/pointrcnn/full_frame_3d_bev.png,3
005625,B,PU-EdgeFormer,centerpoint,frames/005625/line_b/pu_edgeformer/centerpoint/case_manifest.json,frames/005625/line_b/pu_edgeformer/centerpoint/full_frame_3d_bev.png,3
005625,B,PU-Net,pointrcnn,frames/005625/line_b/pu_net/pointrcnn/case_manifest.json,frames/005625/line_b/pu_net/pointrcnn/full_frame_3d_bev.png,3
005625,B,PU-Net,centerpoint,frames/005625/line_b/pu_net/centerpoint/case_manifest.json,frames/005625/line_b/pu_net/centerpoint/full_frame_3d_bev.png,3
006682,A,PDANS,pointrcnn,frames/006682/line_a/pdans/pointrcnn/case_manifest.json,frames/006682/line_a/pdans/pointrcnn/full_frame_3d_bev.png,1
006682,A,PDANS,centerpoint,frames/006682/line_a/pdans/centerpoint/case_manifest.json,frames/006682/line_a/pdans/centerpoint/full_frame_3d_bev.png,3
006682,A,PU-GCN,pointrcnn,frames/006682/line_a/pu_gcn/pointrcnn/case_manifest.json,frames/006682/line_a/pu_gcn/pointrcnn/full_frame_3d_bev.png,1
006682,A,PU-GCN,centerpoint,frames/006682/line_a/pu_gcn/centerpoint/case_manifest.json,frames/006682/line_a/pu_gcn/centerpoint/full_frame_3d_bev.png,3
006682,A,PU-EdgeFormer,pointrcnn,frames/006682/line_a/pu_edgeformer/pointrcnn/case_manifest.json,frames/006682/line_a/pu_edgeformer/pointrcnn/full_frame_3d_bev.png,1
006682,A,PU-EdgeFormer,centerpoint,frames/006682/line_a/pu_edgeformer/centerpoint/case_manifest.json,frames/006682/line_a/pu_edgeformer/centerpoint/full_frame_3d_bev.png,3
006682,A,PU-Net,pointrcnn,frames/006682/line_a/pu_net/pointrcnn/case_manifest.json,frames/006682/line_a/pu_net/pointrcnn/full_frame_3d_bev.png,1
006682,A,PU-Net,centerpoint,frames/006682/line_a/pu_net/centerpoint/case_manifest.json,frames/006682/line_a/pu_net/centerpoint/full_frame_3d_bev.png,3
006682,B,PDANS,pointrcnn,frames/006682/line_b/pdans/pointrcnn/case_manifest.json,frames/006682/line_b/pdans/pointrcnn/full_frame_3d_bev.png,1
006682,B,PDANS,centerpoint,frames/006682/line_b/pdans/centerpoint/case_manifest.json,frames/006682/line_b/pdans/centerpoint/full_frame_3d_bev.png,3
006682,B,PU-GCN,pointrcnn,frames/006682/line_b/pu_gcn/pointrcnn/case_manifest.json,frames/006682/line_b/pu_gcn/pointrcnn/full_frame_3d_bev.png,1
006682,B,PU-GCN,centerpoint,frames/006682/line_b/pu_gcn/centerpoint/case_manifest.json,frames/006682/line_b/pu_gcn/centerpoint/full_frame_3d_bev.png,3
006682,B,PU-EdgeFormer,pointrcnn,frames/006682/line_b/pu_edgeformer/pointrcnn/case_manifest.json,frames/006682/line_b/pu_edgeformer/pointrcnn/full_frame_3d_bev.png,1
006682,B,PU-EdgeFormer,centerpoint,frames/006682/line_b/pu_edgeformer/centerpoint/case_manifest.json,frames/006682/line_b/pu_edgeformer/centerpoint/full_frame_3d_bev.png,3
006682,B,PU-Net,pointrcnn,frames/006682/line_b/pu_net/pointrcnn/case_manifest.json,frames/006682/line_b/pu_net/pointrcnn/full_frame_3d_bev.png,1
006682,B,PU-Net,centerpoint,frames/006682/line_b/pu_net/centerpoint/case_manifest.json,frames/006682/line_b/pu_net/centerpoint/full_frame_3d_bev.png,3
