detector,variant,line,method,class,metric,easy,moderate,hard,delta_easy,delta_moderate,delta_hard
pointrcnn,original_baseline,baseline_A,baseline,Car,bbox,99.31697249999999,94.08419250000001,90.10176999999999,0.0,0.0,0.0
pointrcnn,original_baseline,baseline_A,baseline,Car,bev,95.98086,88.98073749999999,86.59414749999999,0.0,0.0,0.0
pointrcnn,original_baseline,baseline_A,baseline,Car,3d,92.27306750000001,82.2554225,77.94535999999998,0.0,0.0,0.0
pointrcnn,downsampled_x4_baseline,baseline_B,baseline,Car,bbox,95.24061750000001,79.9487375,75.58460249999999,0.0,0.0,0.0
pointrcnn,downsampled_x4_baseline,baseline_B,baseline,Car,bev,91.03685499999997,76.39785749999999,72.03124750000002,0.0,0.0,0.0
pointrcnn,downsampled_x4_baseline,baseline_B,baseline,Car,3d,85.17662750000001,65.74600000000001,61.38180750000002,0.0,0.0,0.0
pointrcnn,original_x4_pdans,A,PDANS,Car,bbox,93.3196225,81.74623999999999,76.85373749999998,-5.997349999999997,-12.337952500000029,-13.248032500000008
pointrcnn,original_x4_pdans,A,PDANS,Car,bev,90.003495,78.01594750000001,73.20777749999999,-5.977365000000006,-10.96478999999998,-13.38637
pointrcnn,original_x4_pdans,A,PDANS,Car,3d,84.6117475,67.22347249999999,62.39805250000001,-7.6613200000000035,-15.031950000000009,-15.547307499999967
pointrcnn,downsampled_x4_pdans,B,PDANS,Car,bbox,83.74537249999999,60.32952249999999,53.79477250000001,-11.495245000000025,-19.619215000000004,-21.78982999999998
pointrcnn,downsampled_x4_pdans,B,PDANS,Car,bev,76.629085,54.56775749999999,48.138875000000006,-14.40776999999997,-21.830099999999995,-23.892372500000015
pointrcnn,downsampled_x4_pdans,B,PDANS,Car,3d,65.01229749999999,44.0751925,39.1728925,-20.16433000000002,-21.67080750000001,-22.20891500000002
pointrcnn,original_x4_pu_gcn,A,PU-GCN,Car,bbox,92.44415000000001,71.766325,67.07322249999999,-6.872822499999984,-22.31786750000002,-23.028547500000002
pointrcnn,original_x4_pu_gcn,A,PU-GCN,Car,bev,86.9258475,66.78718999999998,62.01586999999999,-9.055012500000004,-22.193547500000008,-24.5782775
pointrcnn,original_x4_pu_gcn,A,PU-GCN,Car,3d,80.1726975,58.27585,53.471875000000004,-12.100370000000012,-23.979572499999996,-24.473484999999975
pointrcnn,downsampled_x4_pu_gcn,B,PU-GCN,Car,bbox,60.61016750000001,38.6101375,32.3994475,-34.63045,-41.33859999999999,-43.18515499999999
pointrcnn,downsampled_x4_pu_gcn,B,PU-GCN,Car,bev,57.25115249999998,36.1932125,31.42624,-33.78570249999999,-40.204644999999985,-40.60500750000002
pointrcnn,downsampled_x4_pu_gcn,B,PU-GCN,Car,3d,45.930330000000005,28.680255000000006,24.130967499999997,-39.246297500000004,-37.06574500000001,-37.250840000000025
pointrcnn,original_x4_pu_edgeformer,A,PU-EdgeFormer,Car,bbox,81.95295249999998,58.795622499999986,52.298790000000004,-17.36402000000001,-35.28857000000003,-37.802979999999984
pointrcnn,original_x4_pu_edgeformer,A,PU-EdgeFormer,Car,bev,75.96737749999998,53.8310575,48.940797499999995,-20.013482500000023,-35.14967999999999,-37.653349999999996
pointrcnn,original_x4_pu_edgeformer,A,PU-EdgeFormer,Car,3d,65.6773725,44.959632500000005,40.19188,-26.595695000000006,-37.29578999999999,-37.75347999999998
pointrcnn,downsampled_x4_pu_edgeformer,B,PU-EdgeFormer,Car,bbox,52.74969999999999,33.489772499999994,28.708729999999992,-42.49091750000002,-46.458965,-46.8758725
pointrcnn,downsampled_x4_pu_edgeformer,B,PU-EdgeFormer,Car,bev,43.645379999999996,27.738059999999997,23.3813325,-47.39147499999998,-48.65979749999999,-48.64991500000002
pointrcnn,downsampled_x4_pu_edgeformer,B,PU-EdgeFormer,Car,3d,33.763459999999995,20.56933,17.6153225,-51.413167500000014,-45.17667000000001,-43.76648500000002
pointrcnn,original_x4_pu_net,A,PU-Net,Car,bbox,38.460582499999994,23.8945,20.6926,-60.85639,-70.1896925,-69.40916999999999
pointrcnn,original_x4_pu_net,A,PU-Net,Car,bev,28.954297499999992,18.738295,16.8468,-67.02656250000001,-70.24244249999998,-69.74734749999999
pointrcnn,original_x4_pu_net,A,PU-Net,Car,3d,11.763919999999999,8.380159999999998,7.4406775000000005,-80.50914750000001,-73.87526249999999,-70.50468249999997
pointrcnn,downsampled_x4_pu_net,B,PU-Net,Car,bbox,33.616339999999994,20.505699999999997,18.40308,-61.62427750000002,-59.443037499999996,-57.181522499999986
pointrcnn,downsampled_x4_pu_net,B,PU-Net,Car,bev,23.771709999999995,15.521885,13.620735,-67.26514499999998,-60.87597249999999,-58.410512500000024
pointrcnn,downsampled_x4_pu_net,B,PU-Net,Car,3d,12.4096825,8.78067,7.76367,-72.766945,-56.96533000000001,-53.618137500000024
