line,method,row_kind,protocol,policy,ratio_percent,ap_bbox_car_easy_r40,ap_bbox_car_moderate_r40,ap_bbox_car_hard_r40,ap_bev_car_easy_r40,ap_bev_car_moderate_r40,ap_bev_car_hard_r40,ap_3d_car_easy_r40,ap_3d_car_moderate_r40,ap_3d_car_hard_r40,ap_aos_car_easy_r40,ap_aos_car_moderate_r40,ap_aos_car_hard_r40,frames,status,summary_path
original,baseline,baseline_reference,baseline,g000_o1000_16384,0.0,99.36628500000005,94.12092750000005,89.58952500000001,96.45482750000001,90.9084225,88.44022749999999,95.094165,82.6611125,79.92720000000001,99.3574375,94.00538750000005,89.44007249999999,256,PASS,/home/ra87racy/projects/baseline_detectors/PointRCNN/results/kitti_x4_detector_recovery_fine_ratio_v2_20260725/eval_outputs/screen_reference/original_baseline/result_summary.json
original,pdans,generated_ratio,fine_nested_e2_replacement,g025_o975_16384,2.5,99.22494750000001,92.30886999999998,89.52742000000002,96.42615500000001,91.08247250000001,86.36614750000001,95.44419500000004,85.0952725,78.62787749999998,99.21641499999998,92.18892750000002,89.34252750000002,256,PASS,/home/ra87racy/projects/baseline_detectors/PointRCNN/results/kitti_x4_detector_recovery_fine_ratio_v2_20260725/eval_outputs/screen/g025_o975_16384/original_x4_pdans/result_summary.json
original,pu_gcn,generated_ratio,fine_nested_e2_replacement,g025_o975_16384,2.5,99.35167750000004,92.34208250000002,89.49171,96.48714500000001,91.43195750000001,86.76762249999994,95.245115,82.69214000000001,79.47142999999997,99.34369000000001,92.23294999999997,89.33371749999999,256,PASS,/home/ra87racy/projects/baseline_detectors/PointRCNN/results/kitti_x4_detector_recovery_fine_ratio_v2_20260725/eval_outputs/screen/g025_o975_16384/original_x4_pu_gcn/result_summary.json
original,pu_edgeformer,generated_ratio,fine_nested_e2_replacement,g025_o975_16384,2.5,99.33256,94.12827,89.75071,96.23269249999996,90.69945249999998,88.1499925,92.49672750000002,81.9713425,77.49997999999998,99.3248225,93.99824749999999,89.61937000000002,256,PASS,/home/ra87racy/projects/baseline_detectors/PointRCNN/results/kitti_x4_detector_recovery_fine_ratio_v2_20260725/eval_outputs/screen/g025_o975_16384/original_x4_pu_edgeformer/result_summary.json
original,pu_net,generated_ratio,fine_nested_e2_replacement,g025_o975_16384,2.5,99.11832749999998,91.780395,88.805955,96.08602249999998,88.42728249999998,85.87074000000001,91.19258250000006,79.1031025,74.48426500000001,99.10887000000004,91.67127999999998,88.651625,256,PASS,/home/ra87racy/projects/baseline_detectors/PointRCNN/results/kitti_x4_detector_recovery_fine_ratio_v2_20260725/eval_outputs/screen/g025_o975_16384/original_x4_pu_net/result_summary.json
original,pdans,generated_ratio,fine_nested_e2_replacement,g050_o950_16384,5.0,99.111085,92.29935500000002,89.66122000000001,96.36621750000003,89.08018250000002,86.47557499999998,92.76079749999997,82.37230250000002,77.78931750000002,99.0924975,92.13947999999999,89.47251250000001,256,PASS,/home/ra87racy/projects/baseline_detectors/PointRCNN/results/kitti_x4_detector_recovery_fine_ratio_v2_20260725/eval_outputs/screen/g050_o950_16384/original_x4_pdans/result_summary.json
original,pu_gcn,generated_ratio,fine_nested_e2_replacement,g050_o950_16384,5.0,99.56989749999998,92.41584749999998,89.51398750000003,98.72007000000002,90.99340250000003,86.394715,92.500505,82.1684125,77.37513249999999,99.52979499999998,92.27083499999998,89.33840749999999,256,PASS,/home/ra87racy/projects/baseline_detectors/PointRCNN/results/kitti_x4_detector_recovery_fine_ratio_v2_20260725/eval_outputs/screen/g050_o950_16384/original_x4_pu_gcn/result_summary.json
original,pu_edgeformer,generated_ratio,fine_nested_e2_replacement,g050_o950_16384,5.0,99.06842250000004,91.82690000000001,87.16185000000003,96.01864999999998,88.6130125,83.9864925,92.80344249999999,82.080705,75.589325,99.04057000000002,91.72165,87.02519500000004,256,PASS,/home/ra87racy/projects/baseline_detectors/PointRCNN/results/kitti_x4_detector_recovery_fine_ratio_v2_20260725/eval_outputs/screen/g050_o950_16384/original_x4_pu_edgeformer/result_summary.json
original,pu_net,generated_ratio,fine_nested_e2_replacement,g050_o950_16384,5.0,98.76198750000003,91.33189499999999,86.49525749999995,95.54265,87.80405500000002,83.35917749999999,90.82864999999998,77.82186250000001,72.04428,98.742665,91.21923750000003,86.37804499999999,256,PASS,/home/ra87racy/projects/baseline_detectors/PointRCNN/results/kitti_x4_detector_recovery_fine_ratio_v2_20260725/eval_outputs/screen/g050_o950_16384/original_x4_pu_net/result_summary.json
original,pdans,generated_ratio,fine_nested_e2_replacement,g075_o925_16384,7.5,99.37017750000003,92.02739250000003,87.30660999999999,96.49712500000001,88.7028225,84.1315075,92.73431500000004,82.24538500000001,77.65267249999998,99.34139499999999,91.93566000000001,87.15827750000003,256,PASS,/home/ra87racy/projects/baseline_detectors/PointRCNN/results/kitti_x4_detector_recovery_fine_ratio_v2_20260725/eval_outputs/screen/g075_o925_16384/original_x4_pdans/result_summary.json
original,pu_gcn,generated_ratio,fine_nested_e2_replacement,g075_o925_16384,7.5,99.26054499999998,92.056045,89.33008499999998,96.40750250000002,88.67635750000005,85.96777,95.04115250000001,81.88074499999998,77.2016125,99.2504,91.94707000000001,89.18463500000001,256,PASS,/home/ra87racy/projects/baseline_detectors/PointRCNN/results/kitti_x4_detector_recovery_fine_ratio_v2_20260725/eval_outputs/screen/g075_o925_16384/original_x4_pu_gcn/result_summary.json
original,pu_edgeformer,generated_ratio,fine_nested_e2_replacement,g075_o925_16384,7.5,98.63608750000002,89.81880749999999,84.89847499999999,95.58487249999999,85.7169525,81.02921749999999,91.58694499999997,79.3945675,72.87387749999999,98.62685750000001,89.5702,84.63086499999999,256,PASS,/home/ra87racy/projects/baseline_detectors/PointRCNN/results/kitti_x4_detector_recovery_fine_ratio_v2_20260725/eval_outputs/screen/g075_o925_16384/original_x4_pu_edgeformer/result_summary.json
original,pu_net,generated_ratio,fine_nested_e2_replacement,g075_o925_16384,7.5,98.70569500000002,90.48169750000001,83.80983249999998,94.89112500000002,85.0846325,80.291265,90.28801749999997,75.63589500000002,69.3528875,98.67475250000001,90.22663,83.580675,256,PASS,/home/ra87racy/projects/baseline_detectors/PointRCNN/results/kitti_x4_detector_recovery_fine_ratio_v2_20260725/eval_outputs/screen/g075_o925_16384/original_x4_pu_net/result_summary.json
original,pdans,generated_ratio,fine_nested_e2_replacement,g100_o900_16384,10.0,99.36256250000005,92.23645749999999,89.33660250000001,96.42947000000002,88.1643425,83.97389250000002,95.17035749999995,82.41885750000002,77.773365,99.35346249999995,92.08331499999997,89.14973749999999,256,PASS,/home/ra87racy/projects/baseline_detectors/PointRCNN/results/kitti_x4_detector_recovery_fine_ratio_v2_20260725/eval_outputs/screen/g100_o900_16384/original_x4_pdans/result_summary.json
original,pu_gcn,generated_ratio,fine_nested_e2_replacement,g100_o900_16384,10.0,98.78848250000001,91.83959499999999,87.17824999999999,95.75113000000002,88.67200249999998,83.9469525,91.86407750000004,79.64682499999998,75.1655375,98.78024499999995,91.72629750000002,87.06773999999999,256,PASS,/home/ra87racy/projects/baseline_detectors/PointRCNN/results/kitti_x4_detector_recovery_fine_ratio_v2_20260725/eval_outputs/screen/g100_o900_16384/original_x4_pu_gcn/result_summary.json
original,pu_edgeformer,generated_ratio,fine_nested_e2_replacement,g100_o900_16384,10.0,98.65428000000001,88.69800999999997,84.18965500000002,95.956395,85.9958525,81.55124000000002,93.66230999999999,77.0375275,72.58156,98.63475750000005,88.39071000000001,83.90832000000002,256,PASS,/home/ra87racy/projects/baseline_detectors/PointRCNN/results/kitti_x4_detector_recovery_fine_ratio_v2_20260725/eval_outputs/screen/g100_o900_16384/original_x4_pu_edgeformer/result_summary.json
original,pu_net,generated_ratio,fine_nested_e2_replacement,g100_o900_16384,10.0,98.23538749999999,87.93165249999998,81.39883,94.49103750000003,83.82909249999999,77.8171325,88.30525000000004,71.6745475,64.0340175,98.21393499999999,87.6086525,81.04338750000002,256,PASS,/home/ra87racy/projects/baseline_detectors/PointRCNN/results/kitti_x4_detector_recovery_fine_ratio_v2_20260725/eval_outputs/screen/g100_o900_16384/original_x4_pu_net/result_summary.json
original,observed_fill_control,observed_fill_control,fine_nested_e2_replacement,c025_o975_16384,2.5,99.49363749999998,93.93220750000003,89.47807500000002,96.53027499999999,90.83333499999998,86.36120000000001,94.803605,84.41596,79.82311499999997,99.48373499999998,93.79895249999997,89.32653749999999,256,PASS,/home/ra87racy/projects/baseline_detectors/PointRCNN/results/kitti_x4_detector_recovery_fine_ratio_v2_20260725/eval_outputs/screen/c025_o975_16384/original_observed_fill/result_summary.json
original,observed_fill_control,observed_fill_control,fine_nested_e2_replacement,c050_o950_16384,5.0,99.37731000000001,93.92683749999998,89.58666750000003,96.3135325,90.72280000000002,88.20464000000001,94.85003749999996,82.51722250000002,79.54266249999999,99.34879750000005,93.756995,89.37635499999999,256,PASS,/home/ra87racy/projects/baseline_detectors/PointRCNN/results/kitti_x4_detector_recovery_fine_ratio_v2_20260725/eval_outputs/screen/c050_o950_16384/original_observed_fill/result_summary.json
original,observed_fill_control,observed_fill_control,fine_nested_e2_replacement,c075_o925_16384,7.5,99.53004000000001,94.1790325,89.79783499999998,96.486505,90.75038750000004,88.26481249999999,93.45154,84.35139999999997,80.02352250000001,99.52140250000006,94.01449999999997,89.61806750000001,256,PASS,/home/ra87racy/projects/baseline_detectors/PointRCNN/results/kitti_x4_detector_recovery_fine_ratio_v2_20260725/eval_outputs/screen/c075_o925_16384/original_observed_fill/result_summary.json
original,observed_fill_control,observed_fill_control,fine_nested_e2_replacement,c100_o900_16384,10.0,99.37153250000004,94.15441500000003,91.59316249999998,96.41083000000002,90.76269,88.3189125,92.15023750000002,83.85811999999999,79.87078749999998,99.363715,94.00464999999997,91.42094750000001,256,PASS,/home/ra87racy/projects/baseline_detectors/PointRCNN/results/kitti_x4_detector_recovery_fine_ratio_v2_20260725/eval_outputs/screen/c100_o900_16384/original_observed_fill/result_summary.json
