detector,line,method,class,distance_bin,maintained,confidence_degraded,localization_degraded,lost_after_upsampling,recovered_after_upsampling,missed_both,gt_opportunities,baseline_tp,upsampled_tp,net_tp_change,lost_rate_of_baseline_tp,recovery_rate_of_baseline_fn,localization_degradation_rate_of_shared_tp
pointrcnn,A,PDANS,Car,0-20m,1074,3463,152,448,96,466,5699,5137,4785,-352,0.08721043410550905,0.1708185053380783,0.032416293452761785
pointrcnn,A,PDANS,Car,20-40m,450,2572,293,1249,145,983,5692,4564,3460,-1104,0.27366345311130585,0.12854609929078015,0.08838612368024133
pointrcnn,A,PDANS,Car,40m+,97,327,44,847,112,1567,2994,1315,580,-735,0.644106463878327,0.06670637284097677,0.09401709401709402
pointrcnn,A,PU-EdgeFormer,Car,0-20m,401,3298,355,1083,66,496,5699,5137,4120,-1017,0.21082343780416585,0.11743772241992882,0.08756783423778984
pointrcnn,A,PU-EdgeFormer,Car,20-40m,67,1186,296,3015,48,1080,5692,4564,1597,-2967,0.6606047326906223,0.0425531914893617,0.19109102646868947
pointrcnn,A,PU-EdgeFormer,Car,40m+,9,107,18,1181,29,1650,2994,1315,163,-1152,0.8980988593155893,0.017272185824895772,0.13432835820895522
pointrcnn,A,PU-GCN,Car,0-20m,714,3721,212,490,84,478,5699,5137,4731,-406,0.09538641230290053,0.1494661921708185,0.04562083064342587
pointrcnn,A,PU-GCN,Car,20-40m,112,2107,311,2034,81,1047,5692,4564,2611,-1953,0.44566170026292723,0.07180851063829788,0.12292490118577075
pointrcnn,A,PU-GCN,Car,40m+,16,204,22,1073,45,1634,2994,1315,287,-1028,0.8159695817490494,0.026801667659321026,0.09090909090909091
pointrcnn,A,PU-Net,Car,0-20m,9,1375,616,3137,28,534,5699,5137,2028,-3109,0.6106677048861203,0.0498220640569395,0.308
pointrcnn,A,PU-Net,Car,20-40m,0,54,41,4469,5,1123,5692,4564,100,-4464,0.9791849255039439,0.004432624113475178,0.43157894736842106
pointrcnn,A,PU-Net,Car,40m+,0,8,4,1303,6,1673,2994,1315,18,-1297,0.990874524714829,0.00357355568790947,0.3333333333333333
pointrcnn,B,PDANS,Car,0-20m,1143,2598,325,926,119,588,5699,4992,4185,-807,0.18549679487179488,0.16831683168316833,0.07993113625184456
pointrcnn,B,PDANS,Car,20-40m,299,1015,189,1831,149,2209,5692,3334,1652,-1682,0.5491901619676065,0.0631891433418151,0.12574850299401197
pointrcnn,B,PDANS,Car,40m+,23,35,3,334,49,2550,2994,395,110,-285,0.8455696202531645,0.018853405155829166,0.04918032786885246
pointrcnn,B,PU-EdgeFormer,Car,0-20m,304,1719,497,2472,65,642,5699,4992,2585,-2407,0.4951923076923077,0.09193776520509193,0.19722222222222222
pointrcnn,B,PU-EdgeFormer,Car,20-40m,20,260,72,2982,25,2333,5692,3334,377,-2957,0.8944211157768446,0.010602205258693808,0.20454545454545456
pointrcnn,B,PU-EdgeFormer,Car,40m+,2,2,0,391,4,2595,2994,395,8,-387,0.9898734177215189,0.0015390534821085034,0.0
pointrcnn,B,PU-GCN,Car,0-20m,446,2555,433,1558,71,636,5699,4992,3505,-1487,0.312099358974359,0.10042432814710042,0.12609202096680255
pointrcnn,B,PU-GCN,Car,20-40m,21,339,80,2894,22,2336,5692,3334,462,-2872,0.8680263947210558,0.009329940627650551,0.18181818181818182
pointrcnn,B,PU-GCN,Car,40m+,1,15,2,377,22,2577,2994,395,40,-355,0.9544303797468354,0.008464794151596768,0.1111111111111111
pointrcnn,B,PU-Net,Car,0-20m,67,1383,546,2996,41,666,5699,4992,2037,-2955,0.6001602564102564,0.05799151343705799,0.27354709418837675
pointrcnn,B,PU-Net,Car,20-40m,1,31,21,3281,4,2354,5692,3334,57,-3277,0.9841031793641272,0.0016963528413910093,0.39622641509433965
pointrcnn,B,PU-Net,Car,40m+,0,4,0,391,0,2599,2994,395,4,-391,0.9898734177215189,0.0,0.0
