x,y,z
0.207668341,0.459207549,0.762652215
0.920709867,0.634361133,0.596516223
0.667135438,0.333244997,0.236248794
0.292673710,0.736399849,0.477731057
0.983611739,0.690664067,0.650174113
0.582131536,0.519330257,0.758299112
0.616422750,0.536763257,0.652050257
0.753216468,0.981402806,0.814044528
0.910413399,0.592427731,0.177599955
0.521171537,0.356546870,0.728019537
0.816482985,0.277290364,0.307234946
0.471193782,0.281873965,0.501296949
0.438802218,0.441563071,0.990356067
0.026081560,0.328166047,0.053122720
0.054465508,0.666878664,0.863146556
0.913915300,0.137170233,0.422973895
0.476743784,0.452718574,0.987296758
0.710023642,0.803225238,0.442613843
0.341768586,0.962425334,0.489337492
0.465396881,0.491870359,0.481671757
0.519625711,0.014235412,0.960032974
0.492216885,0.862466464,0.455362537
0.829693560,0.740377553,0.594798460
0.083778149,0.951085062,0.430359797
0.248190575,0.074198151,0.368822151
0.161879035,0.137653640,0.164409767
0.785882840,0.466628189,0.995394458
0.521291834,0.937558782,0.180899008
0.293718144,0.821354878,0.901312084
0.258742952,0.589510935,0.541275501
0.861776053,0.762499873,0.637025128
0.269023321,0.559661752,0.464545976
0.707828727,0.614838502,0.807102143
0.927045272,0.564245202,0.520596421
0.139596365,0.524744530,0.496598546
0.541669341,0.021402836,0.242692153
0.636941751,0.340844523,0.208908939
0.044979638,0.188614484,0.296676680
0.195196685,0.003309178,0.744956093
0.808073405,0.597306413,0.613923828
0.704687816,0.786836238,0.094372644
0.821791706,0.931598759,0.754460448
0.726627622,0.428791791,0.948432900
0.500207913,0.582806034,0.197612548
0.683520033,0.812871310,0.990801145
0.792089760,0.790962543,0.901247722
0.469151027,0.813757400,0.120801861
0.870086186,0.575055985,0.290362862
0.127400601,0.743149566,0.344587528
0.544165532,0.076776423,0.844491913
0.974734831,0.495427177,0.046842387
0.395369460,0.794816992,0.910118339
0.706045299,0.926915362,0.562412813
0.386386200,0.225654922,0.964196917
0.646617235,0.118649386,0.518151560
0.203552651,0.734801234,0.322687513
0.190269479,0.109551534,0.250232960
0.499147483,0.045591422,0.134980345
0.006657074,0.553903682,0.526771349
0.661519313,0.920426684,0.976220737
0.039084902,0.228717760,0.011885788
0.005231233,0.416259856,0.314032545
0.268167014,0.617409302,0.555343741
0.461368393,0.978270638,0.403962128
0.718203867,0.739731198,0.904466328
0.281127766,0.096793805,0.290795271
0.992658583,0.145358558,0.751739488
0.904546761,0.677894012,0.923659573
0.711913017,0.418455490,0.004250196
0.609205242,0.442108711,0.063953829
0.309330891,0.409029901,0.700429088
0.706843265,0.448275594,0.682295594
0.918631909,0.448106758,0.516710353
0.555249385,0.125614769,0.840320079
0.552280622,0.476630585,0.668544668
0.640839381,0.616609788,0.643594340
0.442987358,0.259240186,0.942170919
0.350988312,0.254474697,0.339540082
0.036779742,0.832427185,0.999522363
0.886672717,0.248335417,0.749254851
0.708355963,0.285398030,0.110681706
0.976137535,0.625190847,0.822534875
0.640325592,0.652120679,0.091426731
0.191753199,0.453341127,0.780572412
0.367486113,0.912353300,0.776825773
0.185708908,0.390855917,0.603696002
0.385482984,0.546539951,0.227370314
0.287238261,0.638355801,0.929814732
0.833554722,0.405207601,0.339758361
0.260101370,0.201943485,0.687100612
0.099203598,0.031728254,0.224876263
0.364244533,0.597437759,0.106313227
0.425876080,0.288201521,0.212617762
0.286494579,0.683277051,0.965677059
0.365202397,0.622452154,0.401020237
0.809936961,0.212388721,0.853335852
0.447368350,0.532185793,0.619980339
0.156557427,0.198638142,0.516930094
0.070699375,0.861840488,0.622349930
0.632057597,0.106611325,0.391531859
0.550259103,0.186195035,0.292817903
0.560591311,0.246677249,0.897862670
0.510280583,0.676112260,0.761205534
0.536853418,0.908475318,0.461216617
0.888989099,0.666715216,0.350630157
0.391587710,0.244922956,0.615322018
0.405475767,0.826851313,0.322101420
0.925457160,0.119936092,0.624835874
0.584691454,0.834159449,0.857284779
0.244939655,0.773253403,0.042791229
0.280074504,0.520109732,0.524169262
0.005158784,0.495610593,0.769557425
0.244366438,0.060316825,0.556484152
0.460028604,0.333458830,0.261328113
0.222962041,0.066154352,0.763472381
0.132015326,0.663140073,0.300316648
0.161061337,0.599923861,0.673094223
0.700310331,0.430524069,0.151349602
0.062807415,0.706073503,0.408808024
0.545876578,0.756473537,0.918030222
0.676649170,0.869271897,0.030165238
0.312626615,0.199512225,0.391787201
0.177629976,0.041396494,0.336211917
0.599579356,0.196646677,0.085595639
0.796206986,0.039034492,0.199137389
0.345714308,0.612160112,0.472042529
0.609268439,0.784225430,0.234514485
0.567635670,0.636251986,0.110907922
0.668171135,0.303175157,0.081847961
0.389041664,0.147732557,0.079731946
0.567076032,0.863579748,0.136666302
0.821123015,0.143834595,0.746075548
0.102653206,0.080915653,0.367914471
0.766597520,0.674106517,0.966741483
0.393447329,0.639428726,0.621681410
0.932307670,0.235566991,0.181127297
0.500781849,0.687461032,0.366393270
0.855825401,0.958988446,0.493479197
0.038866642,0.928355978,0.871154357
0.566533061,0.292543068,0.767296676
0.624422793,0.171556794,0.716544965
0.846577260,0.846816507,0.366602656
0.962012829,0.179383654,0.902514067
0.877614082,0.838163354,0.692308138
0.030640526,0.520668039,0.592690584
0.864867044,0.465444578,0.437740089
0.516313185,0.519146282,0.549776599
0.086403287,0.814435703,0.804776334
0.877294039,0.782208161,0.475244510
0.976404442,0.335395126,0.061100008
0.965186942,0.311713452,0.261658639
0.306407119,0.074556146,0.453792874
0.702172768,0.462214213,0.942615229
0.783425841,0.378637663,0.197435073
0.894381320,0.336575251,0.508874526
0.545698031,0.858332206,0.151699468
0.817959371,0.754579001,0.350201718
0.082052849,0.398227868,0.045949597
0.292729945,0.405381793,0.997892839
0.516061687,0.715219512,0.830967142
0.945064864,0.745676799,0.206217161
0.895525428,0.249539010,0.587301289
0.237256456,0.828890412,0.342075642
0.571345461,0.035382651,0.156233941
0.166063887,0.574923615,0.800554992
0.719204229,0.535640282,0.458609498
0.092667648,0.656536210,0.313417420
0.120212029,0.240093104,0.803453561
0.101619249,0.036167531,0.276373297
0.547328620,0.518878009,0.127851866
0.483983556,0.476465743,0.783296013
0.649148180,0.575986711,0.366358565
0.842163706,0.238246742,0.941822652
0.881784137,0.694796589,0.535191200
0.552609172,0.019203715,0.957202435
0.261048347,0.911282410,0.731685453
0.049534733,0.598802923,0.653932790
0.242829997,0.999664372,0.816112617
0.438072818,0.533131630,0.100284231
0.500357971,0.350625434,0.361376763
0.779574929,0.554147985,0.045264352
0.399311825,0.956990295,0.329337451
0.841529131,0.745599045,0.692479880
0.662067477,0.785948712,0.713756123
0.231406873,0.479736045,0.023115670
0.102554429,0.035822547,0.801614152
0.923104494,0.096436203,0.383483882
0.182869770,0.925096834,0.449237558
0.632871322,0.504928066,0.963621670
0.009028829,0.812321185,0.509718604
0.903977138,0.312191180,0.809107613
0.358528023,0.844741990,0.910160831
